district,state,homepage,index_score,tier,found_policy_url,found_tech_url,found_contact_url,notes,score_0_to_5,public_ai_policy_exists,evidence_public_ai_policy_exists,ai_use_publicly_disclosed,evidence_ai_use_publicly_disclosed,oversight_named,evidence_oversight_named,board_policy_mentions_ai,evidence_board_policy_mentions_ai,public_contact_available,evidence_public_contact_available
Los Angeles Unified School District,CA,https://achieve.lausd.net/,0,No Public AI Governance Signals,,,,"Missing: policy, tech, contact (crawl limited)",0,0,,0,,0,,0,,0,
San Diego Unified School District,CA,https://sandiegounified.org/,0,No Public AI Governance Signals,,,,"Missing: policy, tech, contact (crawl limited)",0,0,,0,,0,,0,,0,
Fresno Unified School District,CA,https://www.fresnounified.org/,75,Emerging Governance,https://www.fresnounified.org/departments/ama/fusd-accountability-policy,,,Timed out (district budget exceeded),4,1,me a Substitute Duty Year Calendars HR FAQs HR Manual Negotiation News Payroll FAQs Staff Directory Salary Schedules Information Technology Acceptable Use Policy Artificial Intelligence (AI) AI Guidance AI Guidebook AI Literacy AI Governance ATLAS Approved Device List (Beta) Educ…,0,,1,rt Cards (SARC) i-Ready FUSD Accountability Policy Requests to Conduct Research Board Communication BC's Archived Student Assessments Staff Directory AMA Internal Staff Website Arts Education Athletics Academic Eligibility Guidelines Contacts Mission and Vision Title IX Complianc…,1,Duty Year Calendars HR FAQs HR Manual Negotiation News Payroll FAQs Staff Directory Salary Schedules Information Technology Acceptable Use Policy Artificial Intelligence (AI) AI Guidance AI Guidebook AI Literacy AI Governance ATLAS Approved Device List (Beta) Educational Technolo…,1,y Report Cards (SARC) i-Ready FUSD Accountability Policy Requests to Conduct Research Board Communication BC's Archived Student Assessments Staff Directory AMA Internal Staff Website Arts Education Athletics Academic Eligibility Guidelines Contacts Mission and Vision Title IX Com…
Elk Grove Unified School District,CA,https://www.egusd.net/,30,Minimal Transparency,https://www.egusd.net/District/About-EGUSD/Board-of-Education/,,,"Missing: tech, contact (crawl limited)",2,0,,0,,1,ol-Connected Organizations Translation Services Volunteering/Fingerprinting Job/Career Opportunities Synergy About EGUSD Board of Education Superintendent Community Departments Accounting Adult and Community Education Athletics/Facilities Use Behavioral Health and Counseling Serv…,0,,1,"one or more of these actual or perceived characteristics. For questions or complaints concerning student against student incidents, please contact: Jenifer Avey, Assistant Superintendent, Elementary Education/Title IX Coordinator - 9510 Elk Grove Florin Road, Elk Grove, CA 95624,…"
Long Beach Unified School District,CA,https://www.lbschools.net/,30,Minimal Transparency,https://www.lbschools.net/about/cellphone-policy/home,,,"Missing: tech, contact (crawl limited)",2,0,,0,,1,Administrative Assignments ☍ (opens in new window/tab) LBUSD Community Visioning District Area Map Superintendent Superintendent of Schools Superintendent's Goals Superintendent's Student Advisory Committee Learning Acceleration & Support Plan Annual Reports Deputy Superintendent…,0,,1,"nd removing barriers to student success in a school system that is equitable, affirming, and forward thinking. Learn more about Vision 2035 Contact Us 1515 Hughes Way Long Beach CA 90810 Map / Directions (562) 997-8000 Student Support Social & Emotional Support Say Something, Rep…"
San Francisco Unified School District,CA,https://www.sfusd.edu/,30,Minimal Transparency,https://www.sfusd.edu/services/family-supports-services/immigration-policy-resources,,https://www.sfusd.edu/about-sfusd/contact-us,Missing: tech (crawl limited),2,0,,0,,1,"Transitional Kindergarten Announcements Link to this section Welcome Back to School Originally posted on Feb. 18: As SFUSD schools reopen, Superintendent Dr. Maria Su shares a message of unity, healing, and collaboration in support of students. Posted on February 19, 2026 SF Boar…",0,,1,ing employees Budget & LCAP Learn how budgets and the Local Control and Accountability Plan are created News Read about what's new at SFUSD Contact Us Find out how to submit a records request or contact departments and schools Schools Enroll in Early Education Learn when and how …
San Juan Unified School District,CA,https://www.sanjuan.edu/,30,Minimal Transparency,https://www.sanjuan.edu/our-district/policies-required-notices,,,"Missing: tech, contact (crawl limited)",2,0,,0,,1,d Introducing Our Board Board Meeting Dates Board Agendas and Minutes Public Participation Board Policies Governance Handbook Trustee Areas Superintendent Superintendent's Parent Advisory Committee (SPAC) Superintendent's Cabinet Superintendent's Student Advisory Council (SSAC) E…,0,,1,Association (SJTA) Teamsters San Juan Teacher Residency Substitutes and Guest Teachers Certificated Classified Connect Contact Information Staff Directory Communication Tools Mass Notification System Mobile App Privacy Policy San Juan Scene Newsletter Share Your News Social Media…
Corona-Norco Unified School District,CA,https://www.cnusd.k12.ca.us/,30,Minimal Transparency,https://www.cnusd.k12.ca.us/about_us/board_of_education/board_policy,,https://www.cnusd.k12.ca.us/about_us/school_directory,Missing: tech (crawl limited),2,0,,0,,1,K]## Home About Us Our District Board of Education Board Agendas Board Policy Board Meeting Videos Trustee Area Map Meeting Code of Conduct Superintendent Search Superintendent's Office Commitment to Diversity & Equity District Office Employees of the Quarter Executive Cabinet St…,0,,1,Strategic Plan District Map Enrollment & Registration LCAP Military Recognition Program School Calendars & Bell Schedules School Directory Staff Directory Student Programs After School Programs Career Technical Education College Credit Opportunities Dual Enrollment Dual Language …
San Bernardino City Unified School District,CA,https://www.sbcusd.com/,30,Minimal Transparency,https://www.sbcusd.com/departments/educational-services-division/accountability-educational-technology/technology-policies-and-guidelines,https://www.sbcusd.com/departments/educational-services-division/accountability-educational-technology/technology-policies-and-guidelines,https://www.sbcusd.com/departments/business-services-division/information-technology/staff-listing,,2,0,,0,,1,ars Training Registration Quick Reference Guides Training Videos Google Workspace Support Applications Client Services Infrastructure Staff Directory Nutrition Services (opens in new window/tab) Payroll Important Phone Numbers Assigned Payroll Technicians Purchasing Bids and Requ…,0,,1,Calendars Training Registration Quick Reference Guides Training Videos Google Workspace Support Applications Client Services Infrastructure Staff Directory Nutrition Services (opens in new window/tab) Payroll Important Phone Numbers Assigned Payroll Technicians Purchasing Bids an…
Capistrano Unified School District,CA,https://www.capousd.org/,10,No Public AI Governance Signals,https://www.capousd.org/District/Board/Board-Policies/Article-2-Administration/index.html,,https://www.capousd.org/District/Board/Board-Policies/Article-2-Administration/index.html,Missing: tech (crawl limited),1,0,,0,,0,,0,,1,dars District Communications Budget & LCAP LCAP Documents & Goals LCAP Questions and Answers Funding Overview Non-Discrimination Complaints Contact Us Title IX Board Board Members Meet Our Board Members Invite Us Trustee Compensation Board Meetings Board Meetings Overview 2025-26…
Oakland Unified School District,CA,https://www.ousd.org/,30,Minimal Transparency,https://www.ousd.org/board-of-ed/contact-boe-staff,,https://www.ousd.org/board-of-ed/contact-boe-staff,Missing: tech (crawl limited),2,0,,0,,1,Home - Oakland Unified School District Skip To Main Content Close Menu Search Clear Search About Us Meet Our Employees Meet Our Superintendent Honoring Our Own Employee Recognition District Calendar OUSD Fast Facts (opens in new window/tab) Local Control and Accountability Plan (…,0,,1,ocuments for Enrollment Preschool Eligibility and Enrollment Kindergarten Readiness Programs Family Resources Educator Resources Who We Are Contact ECE Schools & Office Grade Eligibility Calculator TK - 12 Transitional Kindergarten Hub Transitional Kindergarten (TK) Programs Enro…
Clovis Unified School District,CA,https://www.cusd.com/,30,Minimal Transparency,https://www.cusd.com/cusd-policies,,https://www.cusd.com/department-directory,Missing: tech (crawl limited),2,0,,0,,1,"Board Board Agendas, Meetings & Archives Board Policies Jobs at CUSD Contact Us Contact Us Staff Directory/Organizational Chart Department Directory Maps Policies PARENTS My Student Community Eligibility Provision Bus Information Campus Catering Community Advisory Committee (CAC)…",0,,1,"rs 2025-26 School Year Governing Board About the Board Board Agendas, Meetings & Archives Board Policies Jobs at CUSD Contact Us Contact Us Staff Directory/Organizational Chart Department Directory Maps Policies PARENTS My Student Community Eligibility Provision Bus Information C…"
Twin Rivers Unified School District,CA,https://www.trusd.net/,10,No Public AI Governance Signals,https://www.trusd.net/Our-District/Board/Board-Policies/index.html,,https://www.trusd.net/Staff-Room-Login/,Missing: tech (crawl limited),1,0,,0,,0,,0,,1,"istrict Superintendent's Office Superintendent Organization Structure About Us 2024-25 Districtwide School Boundaries State of the District Contact Us District Goals District Map Mission, Vision and Core Beliefs Our Schools Points of Pride Board Adjustment of Trustee Boundary Are…"
Kern High School District,CA,https://www.kernhigh.org/,30,Minimal Transparency,,,https://www.kernhigh.org/apps/contact/,"Missing: policy, tech (crawl limited)",2,0,,0,,1,Kern High School District Skip to main content Kern High School District Main Menu Toggle About About Us Office of the Superintendent Public Information Office Local Control Accountability Plan School Accountability Report Cards Contact Us Board KHSD Trustees KHSD Trustee Areas B…,0,,1,"hone: (661) 827-3100 Footer Links About Us News Prepared to Succeed Nondiscrimination Policies (Title IX/Sexual Harassment) 504 Coordinator Staff Directory Footer Statement The Kern High School District (KHSD) is committed to ensuring equal, fair, and meaningful access to employm…"
Sacramento City Unified School District,CA,https://www.scusd.edu/,30,Minimal Transparency,https://www.scusd.edu/about/our-policies,,https://www.scusd.edu/staff,Missing: tech (crawl limited),2,0,,0,,1,"ignation of Superintendent Lisa Allen 2 . 5 . 2026 Learn More about PRESS RELEASE: SCUSD Board of Education Statement on the Resignation of Superintendent Lisa Allen Sac City Scroll: February 5, 2026 2 . 5 . 2026 Learn More about Sac City Scroll: February 5, 2026 Feb 19 Board of …",0,,1,ting Students Important Information about Diabetes and Your Student Mental Health Student Support Centers Student Support & Health Services Staff Directory Special Education Child Find Special Education Family Handbook Staff Directory Student Records SELPA About Parent Resources …
Santa Ana Unified School District,CA,https://www.sausd.us/,30,Minimal Transparency,https://www.sausd.us/non-discrimination-statement-and-policy,,https://www.sausd.us/community/community-schools/strategic-initiative-directory,Missing: tech (crawl limited),2,0,,0,,1,panded Learning Programs Early Education Programs Schools Elementary Intermediate High School Educational Options and Programs Social Media Directory School Accountability Report Cards (SARC) School Board Meet the Board Meetings & Minutes Meeting Videos-Livestream Administrative …,0,,1,k (opens in new window/tab) Twitter (opens in new window/tab) YouTube (opens in new window/tab) Instagram Santa Ana Unified School District Contact Us 714.558.5501 1601 East Chestnut Avenue Santa Ana CA 92701-6322 714.558.5610 Facebook (opens in new window/tab) Twitter (opens in …
Riverside Unified School District,CA,https://www.riversideunified.org/,30,Minimal Transparency,https://www.riversideunified.org/our-district/title-ix/policies-procedures-title-ix,,,Timed out (district budget exceeded),2,0,,0,,1,to Official Social Media Accounts RUSD News Safety & Security FAQs Raptor Visitor Management System Staff Directory Superintendent's Office Superintendent Llamas From Listening to Alignment: The First 100 Days Title IX Incident Report Form (opens in new window/tab) Policies & Pro…,0,,1,st Of All Schools Mission Values and Motto Official Social Media Accounts RUSD News Safety & Security FAQs Raptor Visitor Management System Staff Directory Superintendent's Office Superintendent Llamas From Listening to Alignment: The First 100 Days Title IX Incident Report Form …
Chula Vista Elementary School District,CA,https://www.cvesd.org/,30,Minimal Transparency,https://www.cvesd.org/district/board-of-education/board-policies-and-bylaws,,,"Missing: tech, contact (crawl limited)",2,0,,0,,1,tion Form News What's New Calendar Upcoming Opportunities School Calendars Events Schools MySchool Locator (opens in new window/tab) School Directory School Accountability Report Card Independent Study Program (ISP) Parents Annual Notifications ESignature Disclosure Pest Manageme…,0,,1,mmunity Ceremonial Flag Display Chula Vista Community Collaborative Community Partners Family Resource Centers Community Schools Harassment Contact Us Accessibility Visit Us Sitemap Department Directory District Home Students Parents Staff Intranet Portal (opens in new window/tab…
Anaheim Union High School District,CA,https://www.auhsd.us/,30,Minimal Transparency,https://www.auhsd.us/District/Department/14174-BOARD/80154-Board-Policies.html,https://www.auhsd.us//files/user/1/file/Technology-Agreement-2026-2027-All-Languages.pdf,https://www.auhsd.us//files/user/1/file/2025-26-District-Campus-&-Site-Directory-02.05.2026.pdf,,2,0,,0,,1,Alternative Education AUHSD Independent Studies Gilbert High School How To Find My School Resources & Bylaws District Campus & School Site Directory School Accountability Report Cards Schools’ Boundaries Social Media District Departments Board of Trustees Business Services Educat…,0,,1,ite Directory Education Protection Account Proposed Adopted Budget School Accountability Report Cards Board Board Members Board of Trustees Contact the Board Board Meetings Board Meeting Agendas & Minutes Board Policies Board Policies & Administrative Procedures Resources Board R…
San Jose Unified School District,CA,https://www.sjusd.org/,30,Minimal Transparency,https://www.sjusd.org/about/policies-regulations,,,"Missing: tech, contact (crawl limited)",2,0,,0,,1,"r who wish to file a complaint, should contact the following persons: For Title IX, discrimination or equity complaints involving students: Director of Student Services/Student Title IX Coordinator, Michelle Reghitto, 408-535-6080 , uniformcomplaint@sjusd.org , 855 Lenzen Avenue,…",0,,1,Join Our Team Resources In This Section Home Home pause slideshow play slideshow < > Image There are no resources or collections to display Contact Us (opens in new window/tab) Schools of Tomorrow Parent Portal Menus Calendar Community Rights LCAP UPCOMING EVENTS < February 2026 …
Fontana Unified School District,CA,https://www.fusd.net/,75,Emerging Governance,https://www.fusd.net/board-of-education-8b/fusd-board-of-education/board-policy-attachments,,,Timed out (district budget exceeded),4,1,est Practices Student Laptop Troubleshooting Keeping Your Laptop Updated Strategic Innovations Esports Digital Learning Wizards Wizard Wire AI Essentials Fontana School Police Department FLIP JR FLIP JR FLIP Program Policy & Procedures Military Equipment Mission Statement Active …,0,,1,"d Meetings (opens in new window/tab) Watch Archive Board Meetings (Previous to July 2023) (opens in new window/tab) Divisions Office of the Superintendent Family and Community Empowerment (FACE) & Inclusive Practices Marketing, Communications, and Engagement Event Galleries Black…",1,est Practices Student Laptop Troubleshooting Keeping Your Laptop Updated Strategic Innovations Esports Digital Learning Wizards Wizard Wire AI Essentials Fontana School Police Department FLIP JR FLIP JR FLIP Program Policy & Procedures Military Equipment Mission Statement Active …,1,"entation, or association with a person or group with one or more of these actual or perceived characteristics. For questions or complaints, contact Equity Compliance Officer: Craig Baker, Associate Superintendent, Student Services at 9680 Citrus Avenue, Fontana CA 92335 (909) 357…"
Moreno Valley Unified School District,CA,https://www.mvusd.net/,30,Minimal Transparency,https://www.mvusd.net/privacy-policy,,https://www.mvusd.net/directory,Missing: tech (crawl limited),2,0,,0,,1,ley Community Adult School Moreno Valley Online Bayside Community Day School Early Learning Academy Board Agendas (opens in new window/tab) Directory Care Portal ABOUT About Our District 11 Commitments Goals and Outcomes Local Control Accountability Plan (LCAP) (opens in new wind…,0,,1,an Resources Certificated Voluntary Transfers Classified Voluntary Transfers (opens in new window/tab) CSEA Collective Bargaining Agreement Contact Us Documents and Forms Employee Resource Guide Employment Verification Employment Job Descriptions MVEA Collective Bargaining Agreem…
Stockton Unified School District,CA,https://www.stocktonusd.net/,30,Minimal Transparency,https://www.stocktonusd.net/cell-phone-policy,,https://www.stocktonusd.net/staff-recognition,Missing: tech (crawl limited),2,0,,0,,1,vices & Resources Student Conduct Code (English/Spanish) Families in Transition Foster Youth Parent Handbook Volunteering Program Reference/Directory Title Coordinators 1 Million Project Hotspots & Home Laptops Lunch Menu ParentVue ParentSquare Student Resources Student Conduct C…,0,,1,ing Suicide Prevention Title IX Sexual Harassment Williams Uniform Complaint & Procedures Curriculum & Instruction Curriculum & Instruction Staff Directory Common Core State Standards District Adopted Curriculum Curriculum Resources Curriculum Assessment Dates Report Card Schedul…
Mount Diablo Unified School District,CA,https://www.mdusd.org/,30,Minimal Transparency,https://www.mdusd.org/about/board-policies,https://www.mdusd.org/departments/business-services/technology/teachers-staff,https://www.mdusd.org/departments/business-services/technology/teachers-staff,,2,0,,0,,1,"lations Public Hearings/Notices Redistricting of Existing Trustee Voting Area Board Vacancy Student Board Member Student Advisory Committee Superintendent News Departments Business Services Compliance, Audit and Reports Fiscal Services Payroll Accounts Payable & Receivable Budget…",0,,1,t and Reports Fiscal Services Payroll Accounts Payable & Receivable Budget Position Budgeting Developer Fee Budget Advisory Committee (BAC) Contact Us Food & Nutrition Services MENUS Catering Services Forms Farm to School In the News Nutrition Standards Wellness Policy Join Our T…
Sweetwater Union High School District,CA,https://www.sweetwaterschools.org/,30,Minimal Transparency,https://www.sweetwaterschools.org/privacy-policy,,https://www.sweetwaterschools.org/about-us/contact-us,Missing: tech (crawl limited),2,0,,0,,1,n Statement (opens in new window/tab) Departments Staff School Board Board Meeting Live Streams (opens in new window/tab) Agendas & Minutes Superintendent Data Security Students and Parents WishWell Programs Calendars SUHSD Calendar Student Calendars Adult Education Calendars Emp…,0,,1,School District Skip To Main Content Close Menu Search Clear Search Home About Us How to Enroll Mission and Belief Statements News & Events Contact Us Non-Discrimination Statement (opens in new window/tab) Departments Staff School Board Board Meeting Live Streams (opens in new wi…
San Dieguito Union High School District,CA,https://www.sduhsd.net/,30,Minimal Transparency,https://www.sduhsd.net/Our-District/About-Us-History/Boundaries-Map-/Policy--Exemptions/index.html,,https://www.sduhsd.net/Staff-Directory/,Missing: tech (crawl limited),2,0,,0,,1,strict Our District About Us/ History Boundaries Map Elementary Feeder Districts Policy & Exemptions School Board Trustee Area Map District Directory Board of Trustees Committees Meeting Agendas/Minutes 2025-2026 2024-2025 2023-2024 2022-2023 2021-2022 2020-2021 2019-2020 2018-20…,0,,1,10 Innovative Middle & High Schools 449M Bond Project Modernization Board Meetings OPEN LINK Board Policies OPEN LINK Enrollment OPEN LINK Staff Directory OPEN LINK Office Locations OPEN LINK Aeries OPEN LINK Staff Start OPEN LINK Calendar OPEN LINK San Dieguito Union High School…
Folsom Cordova Unified School District,CA,https://www.fcusd.org/,30,Minimal Transparency,https://www.fcusd.org/district/about-us/nondiscrimination-statementpolicy,,https://www.fcusd.org/educational-services/academics/elementary-education/elementary-music-art-physical-education/music-staff-directory,Missing: tech (crawl limited),2,0,,0,,1,"hedules Music Student Supply Lists Instruments - Rent, Purchase Music Class Options Returning Loaned Instruments Elementary Art Music Staff Directory Course Advisory Committee (CAC) Transitional Kindergarten Transitional Kindergarten (TK) is Expanding Supplemental Materials Proce…",0,,1,"s & Schedules Music Student Supply Lists Instruments - Rent, Purchase Music Class Options Returning Loaned Instruments Elementary Art Music Staff Directory Course Advisory Committee (CAC) Transitional Kindergarten Transitional Kindergarten (TK) is Expanding Supplemental Materials…"
Roseville City School District,CA,https://www.rcsdk8.org/,30,Minimal Transparency,https://www.rcsdk8.org/policies-and-required-notices,https://www.rcsdk8.org/technology-services,https://www.rcsdk8.org/contact-us,,2,0,,0,,1,seville City School District Schools Translate Calendar Search Menu More options Schools Translate Calendar Our District Board of Education Superintendent Departments Maintenance & Facilities Purchasing Services Educational Technology Plan Roseville City School District Foundatio…,0,,1,"for Current Employees Connect Contact Us ParentSquare Peachjar (Flyers) Volunteer Realtors Social Media Information Requests District News Staff Directory Notice December 16, 2024 Registration for the 2026-27 school year is now live! Click ""Read More"" to be taken to our Registrat…"
Placentia-Yorba Linda Unified School District,CA,https://www.pylusd.org/,30,Minimal Transparency,,,,"Missing: policy, tech, contact (crawl limited)",2,0,,0,,1,s Elementary Schools Middle Schools High Schools Alternative Schools Preschools Find Your School Boundary Maps Feeder School Pattern School Directory School Accountability Report Cards School Plans for Student Achievement District Business Services Early & Expanded Learning Educa…,0,,1,orba Linda Unified School District Main Menu Toggle About Us 2025-2026 School Bell Schedules Accessibility Bond Measures Community Partners Contact Us Corporate Gift Matching District Maps Enroll Today! Good News Report History Homeless Assistance Local Control and Accountability…
Poway Unified School District,CA,https://www.powayusd.com/,10,No Public AI Governance Signals,https://www.powayusd.com/apps/pages/uniform-complaint-policies-and-procedures,,https://www.powayusd.com/apps/contact/,Missing: tech (crawl limited),1,0,,0,,0,,0,,1,"Poway Unified School District 15250 Avenue of Science, San Diego, CA 92128 (858) 521-2800 Edlio Login Powered by Edlio Mobile Footer Links Staff Directory Calendar News Contact Uniform Complaint Policies & Procedures - Personnel Support Services - Poway Unified School District Sk…"
Saddleback Valley Unified School District,CA,https://www.svusd.org/,30,Minimal Transparency,https://www.svusd.org/board/board-of-education,,https://www.svusd.org/i-want-to/know-who-to-contact,Missing: tech (crawl limited),2,0,,0,,1,Home | Saddleback Valley Unified School District Search: Search About About SVUSD Assessment and Accountability Directory Mission Registration School Accountability Report Card (SARC) (opens in new window/tab) School Boundaries Board Board of Education Board Policies (opens in ne…,0,,1,Permits (opens in new window/tab) I Want To Enroll My Child Find My Child's School Go to Absence Management Go to Family Portal Know who to contact Rent a Facility Request a transcript Request a transfer View job opportunities Volunteer Jobs (opens in new window/tab) District Boa…
Conejo Valley Unified School District,CA,https://www.conejousd.org/,30,Minimal Transparency,https://www.conejousd.org/board-of-education/policies-regulations,,https://www.conejousd.org/for-staff/staff-resources,Missing: tech (crawl limited),2,0,,0,,1,Park and Westlake Village. About Us CVUSD Strategic Plans Our Schools 50 Years of CVUSD District Directories Organizational Charts Schools Directory Schools Schools At CVUSD we have a right fit for every family and we believe each child has unique gifts to discover. Our students …,0,,1,"eting agendas by using the Schedule of Meetings module on the right-hand side of the webpage and selecting the desired meeting date. Please contact Sheri Fehlman in the Superintendent’s Office at (805) 497-9511, extension 1101, if you have any questions regarding Board agendas or…"
Irvine Unified School District,CA,https://www.iusd.org/,0,No Public AI Governance Signals,,,,"Missing: policy, tech, contact (crawl limited)",0,0,,0,,0,,0,,0,
Newport-Mesa Unified School District,CA,https://www.nmusd.us/,0,No Public AI Governance Signals,,,,"Missing: policy, tech, contact (crawl limited)",0,0,,0,,0,,0,,0,
Huntington Beach Union High School District,CA,https://hbuhsd.edu/,0,No Public AI Governance Signals,,,,"Missing: policy, tech, contact (crawl limited)",0,0,,0,,0,,0,,0,
Ventura Unified School District,CA,https://www.venturausd.org/,10,No Public AI Governance Signals,https://www.venturausd.org/about/board-policies,,https://www.venturausd.org/about/contact-us,Missing: tech (crawl limited),1,0,,0,,0,,0,,1,s Human Resources Negotiations Negotiations 24-25 Certificated Classified Negotiations 25-26 ParentSquare Sign In (opens in new window/tab) Staff Directory Staff Intranet (opens in new window/tab) Staff Resources Interpretation and Translation Services Students Academic Resources…
Oxnard Union High School District,CA,https://www.oxnardunion.org/,30,Minimal Transparency,https://www.oxnardunion.org/departments/educational-services/learning-support-services/acceptable-use-policy,,https://www.oxnardunion.org/about-us/staff-directory,Missing: tech (crawl limited),2,0,,0,,1,"onships Tuesday, April 14, 2026 at 1:30 PM at Rancho Campana HS Wellness Center Staying Focused Wellness Committee Contacts: Alyssa Burgers Director Nutrition Services Wellness Committee Co-Chair alyssa.burgers@oxnardunion.org Dallas Garcia Assistant Director Nutrition Services W…",0,,1,To Main Content Close Menu Main Menu About Us Our Schools Local Control Accountability Plan (LCAP) School Accountability Report Card (SARC) Staff Directory Calendar Contact Us Employment (opens in new window/tab) Active Bids Measure A Title IX School Locator Facilities Retiree He…
San Mateo-Foster City School District,CA,https://www.smfc.k12.ca.us/,0,No Public AI Governance Signals,,,,"Missing: policy, tech, contact (crawl limited)",0,0,,0,,0,,0,,0,
Palo Alto Unified School District,CA,https://www.pausd.org/,30,Minimal Transparency,https://www.pausd.org/about-us/policies-procedures/staff-guidance-memorandum,,https://www.pausd.org/about-us/policies-procedures/staff-guidance-memorandum,Missing: tech (crawl limited),2,0,,0,,1,Home - Palo Alto Unified School District Mobile/Tablet Menu About Us Our History Board of Education Superintendent - Don Austin The Promise Committees & Task Forces Archived Committees Board Equity Oversight Committee Ongoing Committees Board Bond Advisory Committee Board Policy …,0,,1,on School Placement & Transfers Important Dates Two-Year Kindergarten Programs Mandatory Annual Data Update Choice Programs Student Records Contact Information Update Foreign Exchange Students Human Resources Overview Benefits Collective Bargaining Negotiations CSEA Proposal Deta…
Santa Clara Unified School District,CA,https://www.santaclaraunified.org/,0,No Public AI Governance Signals,,,,"Missing: policy, tech, contact (crawl limited)",0,0,,0,,0,,0,,0,
Torrance Unified School District,CA,https://www.tusd.org/,30,Minimal Transparency,https://www.tusd.org/boe,,https://www.tusd.org/district/contact-us,Missing: tech (crawl limited),2,0,,0,,1,e Unified School District | Torrance Unified School District Skip to Main Content Open main menu About Show sub menu for About Our District Superintendent Cabinet Title IX Bond Measures District Calendar Publications Employment Portrait of a Graduate Torrance Council of PTAs Torr…,0,,1,ation Grant Employees Show sub menu for Employees Staff Portal Benefits HR Quick Links Payroll Wellness Resources Employment School Locator Contact Us Mobile Search English 中国人 日本語 한국어 Español Tiếng Việt Calendar Board Emergency Alerts Enrollment PowerSchool Jobs DISTRICT FEATURE…
Bakersfield City School District,CA,https://www.bcsd.com/,30,Minimal Transparency,https://www.bcsd.com/board/board-members,https://www.bcsd.com/departments/information-technology/department-home,,Missing: contact (crawl limited),2,0,,0,,1,Home - Bakersfield City School District Skip To Main Content Close Menu Search Clear Search About Facts at a Glance Guiding Principles Superintendent Portrait of a Graduate Board Board of Education Board Meetings Board Agendas (opens in new window/tab) Board Minutes (opens in new…,0,,1,"entation, or association with a person or group with one or more of these actual or perceived characteristics. For questions or complaints, contact your school site principal and/or the District’s Chief Equity Compliance Officer, Section 504 Coordinator, and Title IX Coordinator:…"
Lodi Unified School District,CA,https://www.lodiusd.net/,75,Emerging Governance,https://www.lodiusd.net/families/cell-phone-policy,,https://www.lodiusd.net/contact,Missing: tech (crawl limited),4,1,cy 0420.42 - Charter School Renewal Policy 0420.43 - Charter School Revocation Policy 0430 - Comprehensive Local Plan for Special Education Policy 0440.1 - Cybersecurity and Data Privacy Policy 0441 - Artificial Intelligence Policy 0460 - Local Control & Accountability Plan Polic…,0,,1,olicy 1700 - Relations Between Private Industry and the Schools Series 2000 - Administration Policy 2000 - Concepts and Roles Policy 2110 - Superintendent Responsibilities & Duties Policy 2111 - Superintendent Governance Standards Policy 2120 - Superintendent of Schools Policy 21…,1,harter Schools Policy 0420.41 - Charter School Oversight Policy 0420.42 - Charter School Renewal Policy 0420.43 - Charter School Revocation Policy 0430 - Comprehensive Local Plan for Special Education Policy 0440.1 - Cybersecurity and Data Privacy Policy 0441 - Artificial Intelli…,1,tor Transfers Transitional Kindergarten (TK) Careers Bargaining Agreements Benefits Job Opportunities Negotiations Updates Salary Schedules Contact Us Contact Form Uniform Complaint Procedures Vendors Website Feedback Calendars Portals Aeries Admin & Staff Portal (opens in new wi…
Visalia Unified School District,CA,https://www.vusd.org/,30,Minimal Transparency,https://www.vusd.org/boe,,https://www.vusd.org/about-vusd/phone-directory,Missing: tech (crawl limited),2,0,,0,,1,cket System (opens in new window/tab) VUTA (opens in new window/tab) Workplace Violence Prevention Workers' Compensation Departments Deputy Superintendent Administrators of School Leadership (ASL) Learning Community Model Principals & Assistant Principals Site Supervision Assignm…,0,,1,Home - Visalia Unified School District Skip To Main Content Close Menu Search Clear Search About VUSD Our Schools Phone Directory Staff Directory Calendar News Organizational Charts Podcast School Boundaries (opens in new window/tab) Student Conduct Code (opens in new window/tab)…
Miami-Dade County Public Schools,FL,https://www.dadeschools.net/,0,No Public AI Governance Signals,,,,"Missing: policy, tech, contact (crawl limited)",0,0,,0,,0,,0,,0,
Broward County Public Schools,FL,https://www.browardschools.com/,30,Minimal Transparency,https://www.browardschools.com/school-board/school-board-policies,,https://www.browardschools.com/parentsstudentsstaff/customer-service,Missing: tech (crawl limited),2,0,,0,,1,"Conduct Careers Meet The Board Smart Futures Calendars Students Careers District Department Directory Anonymous Tips Public Records Request Superintendent Get Involved Parents Food and Nutrition Information About Us District Overview Calendars - School Year, Public Meetings & Eve…",0,,1,ry Middle High Directory Directory Overview Our Schools Programs and Services Departments Important Phone Numbers School Board & Leadership Staff Directory Regional Superintendents and Assistant Superintendent Offices School Board Meet the Board Meeting Agendas and Watch Live Upc…
The School District of Palm Beach County,FL,https://www.palmbeachschools.org/,30,Minimal Transparency,https://www.palmbeachschools.org/studentsparents/food-and-nutrition-services/wellness-promotion-policy/wpp-annual-report-archives,https://www.palmbeachschools.org/school-board/board-advisory-committees/technology-advisory-committee-tac,https://www.palmbeachschools.org/about-us/important-district-contacts,,2,0,,0,,1,". Our 6 top stars now head to State! Band Director Named One of Yamaha’s “40 Under 40” Outstanding Music Educators Amrutha Murthy, the Band Director at Park Vista Community High School, was named to Yamaha’s “40 Under 40” list , a recognition for excellence in music education. At…",0,,1,ol Programs and Registration Program Sites Summer Camp Alternative Education Department of Juvenile Justice Sheriffs Program Youth Services Staff Directory (opens in new window/tab) Arts Education Arts Education Related Videos Art and Science Field Trip Providers Elementary Arts …
Hillsborough County Public Schools,FL,https://www.hillsboroughschools.org/,30,Minimal Transparency,https://www.hillsboroughschools.org/page/school-board,,https://www.hillsboroughschools.org/page/hcps-staff-hub-microsoft-365-login,Missing: tech (crawl limited),2,0,,0,,1,Home | Hillsborough County Public Schools Skip to content School Board Superintendent Departments Search site Hillsborough County Public Schools - School Board Superintendent Departments Search site Explore Schools Translate Explore Schools Transla…,0,,1,05:00 https://www.hillsboroughschools.org/page/informational-flyers/ 0.6 2025-05-21T12:36:30-05:00 https://www.hillsboroughschools.org/page/contact/ 0.6 2026-01-07T12:26:32-06:00 https://www.hillsboroughschools.org/page/principal-induction-program/ 0.6 2025-07-10T11:15:34-05:00 h…
Orange County Public Schools,FL,https://www.ocps.net/,30,Minimal Transparency,https://www.ocps.net/ocps-mckinney-vento-policy,https://www.ocps.net/family-technology-handbook,https://www.ocps.net/contacts-and-information,,2,0,,0,,1,Proposed Policy Revisions School Board Members School Board YouTube Channel School Map by Board Member Strategic Plan 2030 Meeting Notices Superintendent Superintendent Home Code of Civility Community Town Hall Meetings Mondays with Maria Organizational Chart Superintendent's Lea…,0,,1,My School Cadre School Bell Times School Directory School Improvement Plans School Report Cards School Rezoning Departments Tax Information Contact Us Schools Schools High Schools Apopka High Boone High Colonial High Cypress Creek High Dr. Phillips High East River High Edgewater …
Duval County Public Schools,FL,https://dcps.duvalschools.org/,30,Minimal Transparency,,,https://dcps.duvalschools.org/page/explore-choices-directory,"Missing: policy, tech (crawl limited)",2,0,,0,,1,"act information for a specific school. Region Superintendents Contact information for elementary, middle, and high school leadership. Staff Directory Visit our staff directory for employee-specific contact information. Looking for Something Else? Here are the most commonly reques…",0,,1,"l contact information for a specific school. Region Superintendents Contact information for elementary, middle, and high school leadership. Staff Directory Visit our staff directory for employee-specific contact information. Looking for Something Else? Here are the most commonly …"
Pinellas County Schools,FL,https://www.pcsb.org/,30,Minimal Transparency,https://www.pcsb.org/departments/district-services/technology-and-information-systems/technology-related-school-board-policies/753001-staff-use-of-electronic-communication-devices,https://www.pcsb.org/departments/district-services/technology-and-information-systems/technology-related-school-board-policies/753001-staff-use-of-electronic-communication-devices,https://www.pcsb.org/departments/district-services/technology-and-information-systems/technology-related-school-board-policies/753001-staff-use-of-electronic-communication-devices,,2,0,,0,,1,costs at today’s plan prices. About Us Code of Conduct Board Members Non-Discrimination Statement Important Phone Numbers Message from the Superintendent Summary of Changes Code of Civility Forms & Notifications Parent Communication and Engagement Expectations I. Field Trips and …,0,,1,rict Monitoring and Advisory Committee (DMAC) Legislative Resources Legislative Platforms Legislative Delegation Senate Education Committee Contact List House Education Committee Contact List Pre-K-12 Appropriations Subcommittees Track House Bills Track Senate Bills (opens in new…
Polk County Public Schools,FL,https://www.polk-fl.net/,0,No Public AI Governance Signals,,,,"Missing: policy, tech, contact (crawl limited)",0,0,,0,,0,,0,,0,
Lee County School District,FL,https://www.leeschools.net/,30,Minimal Transparency,https://www.leeschools.net/non-_discrimination_policy,,https://www.leeschools.net/our_district/staff_directory,Missing: tech (crawl limited),2,0,,0,,1,l District of Lee County Follow us on Facebook Follow us on Twitter Subscribe to us on YouTube {1} ##LOC[OK]## Home Menu Our District Staff Directory Departments (District) Change for Change Community Flyers (Peachjar) District Grants Hurricane Ian CDBG-DR Grant Management 21st C…,0,,1,School District of Lee County Follow us on Facebook Follow us on Twitter Subscribe to us on YouTube {1} ##LOC[OK]## Home Menu Our District Staff Directory Departments (District) Change for Change Community Flyers (Peachjar) District Grants Hurricane Ian CDBG-DR Grant Management 2…
Volusia County Schools,FL,https://www.volusia.k12.fl.us/,0,No Public AI Governance Signals,,,,"Missing: policy, tech, contact (crawl limited)",0,0,,0,,0,,0,,0,
Brevard Public Schools,FL,https://www.brevardschools.org/,30,Minimal Transparency,https://www.brevardschools.org/page/school-board,,https://www.brevardschools.org/o/bps/page/contact,Missing: tech (crawl limited),2,0,,0,,1,"unity Show submenu for Community Community #BrevardsBestEducation ARP ESSER Website and Information Become a Mentor Brevard County Resource Directory Education, Civic, & Funding Opportunities Community Resources Fingerprinting Fundraising Get Involved Independent Citizens Oversig…",0,,1,Home | Brevard Public Schools Skip to content Menus Contact Calendar FAQ Search site Brevard Public Schools TO SERVE EVERY STUDENT WITH EXCELLENCE AS THE STANDARD Menus Contact Calendar FAQ Search si…
Seminole County Public Schools,FL,https://www.scps.k12.fl.us/,10,No Public AI Governance Signals,,,,"Missing: policy, tech, contact (crawl limited)",1,0,,0,,0,,0,,1,ers Calendar District Activities Skyward District About Us Hours Points of Pride School Grades Organization Chart Strategic Plan Leadership Directory School Board Board Meetings Legislative Information Meet the Board Kelley Davis Robin Dehlinger Autumn Garick Kristine Kraus Abby …
Pasco County Schools,FL,https://www.pasco.k12.fl.us/,30,Minimal Transparency,https://www.pasco.k12.fl.us/comm/page/non_descrimination_policy/,,,"Missing: tech, contact (crawl limited)",2,0,,0,,1,f Safety and Emergency Operations: Michael Baumaister Phone: (813) 794-7937 District Extension: 47937 Student Support Programs and Services Director: Melissa Musselwhite Phone: (813) 794-2600 Fax: (813) 794-2117 District Extension: 42600 Superintendent’s Office Superintendent: Dr…,0,,1,"d more. Notification of Non-Discrimination and Accessibility Policy Read our statements on non-discrimination and accessibility, as well as contact information for our Equity Manager. Pasco County Schools Announces Return of Citizens’ Academy Pasco County Schools is excited to an…"
Osceola School District,FL,https://www.osceolaschools.net/,30,Minimal Transparency,,,https://www.osceolaschools.net/nisdstaff,"Missing: policy, tech (crawl limited)",2,0,,0,,1,arent Math Resources Parent Reading Resources Science Mobile STEAM Lab Biology EOC Textbook Information Social Studies US History EOC Staff Directory SAT/ACT Resources Human Resources Benefits Careers Careers - Informational Page Certification Contact Information - Welcome! Email…,0,,1,nformation Haitian Student Services Summer Learning Newsletters Exceptional Student Education Main Department Page Home About Us Department Staff Directory Who Should I Call? School-Based Resource Compliance Specialists Procedural Safeguards Exceptional Student Education Programs…
Collier County Public Schools,FL,https://www.collierschools.com/,30,Minimal Transparency,,https://www.collierschools.com/support-services/technology-training/tutorials/focus-tutorials/administration,https://www.collierschools.com/exploreccps/email-directory,Missing: policy (crawl limited),2,0,,0,,1,Sole Source Information Purchasing Public Notices Spending Reduction Suggestion Form Departments Did You Know? Impact Fees Doing Business with CCPS Email Directory Labor Relations Legislative Platform Organizational Chart Policies and Procedures (opens in new window/tab) Public N…,0,,1,x-Neutral Referendum The Education Channel Live Volunteer at CCPS mobile-quicklinks-nav Quicklinks Bullying Report Bus Information Calendar Contact Us Lunch Menus RevTrak Online Payments (opens in new window/tab) Threat Report - FortifyFL (opens in new window/tab) Transcript Requ…
Manatee County School District,FL,https://www.manateeschools.net/,10,No Public AI Governance Signals,https://www.manateeschools.net/page/policies,,https://www.manateeschools.net/page/contact-us,Missing: tech (crawl limited),1,0,,0,,0,,0,,1,ing Report Concern District Show submenu for District District About Us Show submenu for About Us Fast Facts Printable School Map Calendars Contact Us Departments School Directory School Board Show submenu for School Board School Board Calendar School Board Member District Area M…
Sarasota County Schools,FL,https://www.sarasotacountyschools.net/,30,Minimal Transparency,https://www.sarasotacountyschools.net/page/school-board,,https://www.sarasotacountyschools.net/o/scs/staff,Missing: tech (crawl limited),2,0,,0,,1,"d Find Us Sarasota County Schools 1960 Landings Blvd. Sarasota, FL 34231 Phone: (941) 927-9000 COMMUNITY EMPLOYMENT PUBLIC RECORDS EMPLOYEE DIRECTORY TITLE IX - NOTICES OF NONDISCRIMINATION PEACHJAR Stay Connected Copyright © 2026 Sarasota County Schools. All rights reserved. Pow…",0,,1,"d Find Us Sarasota County Schools 1960 Landings Blvd. Sarasota, FL 34231 Phone: (941) 927-9000 COMMUNITY EMPLOYMENT PUBLIC RECORDS EMPLOYEE DIRECTORY TITLE IX - NOTICES OF NONDISCRIMINATION PEACHJAR Stay Connected Copyright © 2026 Sarasota County Schools. All rights reserved. Pow…"
Clay County District Schools,FL,https://www.oneclay.net/,30,Minimal Transparency,,,,"Missing: policy, tech, contact (crawl limited)",2,0,,0,,1,"rimination or harassment may be sent to 900 Walnut Street, Green Cove Springs, FL 32043, or call 904-336-6500 to contact Treasure Pickett, Title IX Coordinator, or email: treasure.pickett@myoneclay.net , and Dr. Melanie Sanders, Section 504 Coordinator, or email: melanie.sanders@…",0,,1,"information regarding discrimination or harassment may be sent to 900 Walnut Street, Green Cove Springs, FL 32043, or call 904-336-6500 to contact Treasure Pickett, Title IX Coordinator, or email: treasure.pickett@myoneclay.net , and Dr. Melanie Sanders, Section 504 Coordinator, …"
St. Johns County School District,FL,https://www.stjohns.k12.fl.us/,60,Emerging Governance,https://www.stjohns.k12.fl.us/policies/contracts/,,https://www.stjohns.k12.fl.us/contact/,Missing: tech (crawl limited),3,1,ms Enroll Your Child in School Free & Reduced Meals Application Physical Education (PE) Waiver Report Bullying School Access Form Documents Acceptable Use Procedures AI Guidelines Parent Resource Guide Student Conduct Code Student Progression Plan Resources Breakfast & Lunch Menu…,0,,1,ohns County Strategic Plan School Board Board Agenda (BoardDocs) Board Members Board Minutes Board Schedule Board Rules Board Video Archive Superintendent The Superintendent of Schools All Access with Dr. Asplen Departments Directory of Departments Department Websites - Select a …,0,,1,St. Johns County School District Skip to content Calendar HAC Contact Search Search News Our District About SJCSD Discover St. Johns County School District District Facts Character Counts! About St. Johns Coun…
Escambia County School District,FL,https://ecsd-fl.schoolloop.com/,0,No Public AI Governance Signals,,,,"Missing: policy, tech, contact (crawl limited)",0,0,,0,,0,,0,,0,
Leon County Schools,FL,https://www.leonschools.net/,30,Minimal Transparency,https://www.leonschools.net/policies-for-flyer-approval,,https://www.leonschools.net/district-admin-directory-overview,Missing: tech (crawl limited),2,0,,0,,1,"earn about our mission, leadership, and commitment to supporting students, families, and the community. About Us Our Schools District Admin Directory Our Mission School Board District 1 - Alva Swafford Smith District 2 - Rosanne Wood District 3 - Darryl Jones District 4 - Laurie …",0,,1,ualification Capital Outlay Department Forms Important Dates & Deadlines School Initiated Projects-Instructions Selection Process/Contracts Staff Directory Dining Services LCS Nutrition Service Employee Helpdesk Nutrition Education Menus and Meal Prices Meal Payments-SchoolCafe F…
Alachua County Public Schools,FL,https://www.sbac.edu/,0,No Public AI Governance Signals,,,,"Missing: policy, tech, contact (crawl limited)",0,0,,0,,0,,0,,0,
Okaloosa County Schools,FL,https://www.okaloosaschools.com/,30,Minimal Transparency,https://www.okaloosaschools.com/page/documents-and-policies,,https://www.okaloosaschools.com/page/contact-us,Missing: tech (crawl limited),2,0,,0,,1,"sword Reset Report Abuse, Neglect, Exploitation Superintendent's Updates Show submenu for Superintendent's Updates Superintendent's Updates Superintendent Annual Report Newsletters- Employees, Parents, and Community Press Releases Florida Prepaid Superintendent Scholarship Capita…",0,,1,Home | Okaloosa County School District Skip to content Departments Calendars Employment Contact Us Search site Okaloosa County School District Departments Calendars Employment Contact Us Search site Explore Explore Schools Translate Ex…
Santa Rosa County District Schools,FL,https://www.santarosa.k12.fl.us/,0,No Public AI Governance Signals,,,,"Missing: policy, tech, contact (crawl limited)",0,0,,0,,0,,0,,0,
Bay District Schools,FL,https://www.bay.k12.fl.us/,10,No Public AI Governance Signals,https://www.bay.k12.fl.us/o/bds/page/privacy-policy,,,"Missing: tech, contact (crawl limited)",1,0,,0,,0,,0,,1,"BAY—By the Numbers 93.8% 2024-2025 Graduation Rate 2,566 Industry Certifications Earned Find Us 1311 Balboa Avenue, Panama City, FL, 32401 Phone: (850) 767-4100 Mark McQueen Superintendent, Bay District Schools Office of the Superintendent Non-Discrimination Statement | Privacy |…"
Martin County School District,FL,https://www.martinschools.org/,30,Minimal Transparency,https://www.martinschools.org/page/school-board-header,,,"Missing: tech, contact (crawl limited)",2,0,,0,,1,Home | MARTIN COUNTY SCHOOL DISTRICT Skip to content About Us Parents and Students School Board Superintendent Career Opportunities Search site MARTIN COUNTY SCHOOL DISTRICT Educate All Students for Success About Us Parents and Students School Board Superintendent Career Opportun…,0,,1,r and Technical Education Class Size Reduction ClassLink ClassLink Log-In Instructions Code of Student Conduct Concussion Management Policy Contact Us Curriculum and Instruction D Dual Enrollment District Approved Instructional Materials District Mobile App E Early Childhood Educ…
Charlotte County Public Schools,FL,https://www.yourcharlotteschools.net/,30,Minimal Transparency,,https://www.yourcharlotteschools.net/its-home,,"Missing: policy, contact (crawl limited)",2,0,,0,,1,"A/V Support, Peripherals, Telecommunications, Applications Who We Are Leadership Marcus Allen , Chief Financial Officer Darrell Milstead , Director, Information & Technology Services Dawn Botelho , Manager, Student Information Systems (FOCUS) Michael Scott , Manager, Enterprise R…",0,,1,l Board Members School Board Meetings School Board Meeting Dates School Board Meetings District Policies Legislative Priorities Legislative Contact Information Fast Facts Organizational Chart Budget Accountability Departments Business Services Business Services Budget Budget & Fi…
Hernando County School District,FL,https://www.hernandoschools.org/,30,Minimal Transparency,https://www.hernandoschools.org/meal-policies-pricing,,https://www.hernandoschools.org/celebrating-our-staff,Missing: tech (crawl limited),2,0,,0,,1,Districts Map Agendas; Minutes & Meeting Videos Archived Agendas & Minutes General Counsel Legal Notices School Board Policy Strategic Plan Superintendent Code of Civility Public Records Request Charter Schools Departments Students & Families Community Join Our Team Connect With …,0,,1,Education - Office of Safe Schools FortifyFL - Suspicious Activity Reporting App Guardian Information & FAQs School Chaplain Program Videos Contact Us School Choice / Magnet / Home Education School Choice / Magnet / Home Education Home Charter Schools Charter Schools Home Charter…
Citrus County School District,FL,https://www.citrusschools.org/,30,Minimal Transparency,https://www.citrusschools.org/policy-for-instructional-and-media,,https://www.citrusschools.org/staff-2,Missing: tech (crawl limited),2,0,,0,,1,ncy Florida Purchasing Department Teacher Classroom Supply Assistance Program Training and Support Food and Nutrition Services Message from Director FNS Quick Bites Menus & More MealViewer Menu Content Allergies Diet/Special Needs National School Nutrition Programs ASDA Nutrition…,0,,1,eacher Classroom Supply Assistance Program Technology Support Trackit Self Service Work Order - Now Genuity Union Contracts Wellness Center Staff Directory Schools PACE - School for Girls Academy of Environmental Science CREST School Central Ridge Elementary Citrus High School Ci…
Lake County Schools,FL,https://www.lake.k12.fl.us/,10,No Public AI Governance Signals,https://www.lake.k12.fl.us/o/lcs/page/privacy-policy,,,"Missing: tech, contact (crawl limited)",1,0,,0,,0,,0,,1,"alth? Lake County Schools Mental Health Facebook Page Mental Health Plans Informative Videos Resiliency Education (Grades 6 - 12) Resources Contact Us: Newsletter: Stay Connected Find Us Lake County Schools 201 West Burleigh Blvd Tavares, FL 32778 Number: Phone: (352) 253-6500 Pr…"
Marion County Public Schools,FL,https://www.marionschools.net/,30,Minimal Transparency,https://www.marionschools.net/school_board/other_policies,,https://www.marionschools.net/departments/elementary_curriculum_instruction_digital_learning/contact_information,Missing: tech (crawl limited),2,0,,0,,1,rentally Placed Private School Students (PPPSS) Private Service Providers Occupational Therapy Parent Resources Facilities Facilities Staff Directory Facilities Forms Projects/Services Advertised Public Information MCPS Facilities and Maintenance Funding Needs Facilities Procedur…,0,,1,al Education Central Warehouse How to Submit an Order Forms Contact Information Custodial Services Contact Us Early Learning Early Learning Staff Directory MCPS Pre-K / VPK Curriculum Home Instruction for Parents of Preschool Youngsters (HIPPY) Pre-K ESE Program Parent Resources …
Sumter County Schools,FL,https://www.sumter.k12.fl.us/,30,Minimal Transparency,https://www.sumter.k12.fl.us/school-board-members,https://www.sumter.k12.fl.us/integrated-technology-services-home,https://www.sumter.k12.fl.us/contact-us,,2,0,,0,,1,le know why what they do matters; and Recognize and Reward Success by valuing and appreciating people who work together to get results. The Superintendent of Schools is an elected position in Sumter County and serves the citizens through a four-year term. Mr. Brown can be contact…,0,,1,rves students from Sumter and several surrounding counties . Our Schools Meet Our Board Members Curriculum and Instruction Student Services Staff Directory Enrollment Strategic Plan Welcome to the Sumter County School District's strategic vision for the next five years. Our compr…
Indian River County School District,FL,https://www.sdirc.k12.fl.us/,0,No Public AI Governance Signals,,,,"Missing: policy, tech, contact (crawl limited)",0,0,,0,,0,,0,,0,
St. Lucie Public Schools,FL,https://www.stlucie.k12.fl.us/,30,Minimal Transparency,https://www.stlucie.k12.fl.us/policies/,,https://www.stlucie.k12.fl.us/contact-us/,Missing: tech (crawl limited),2,0,,0,,1,Instagram page opens in new window Mail page opens in new window Home Our District Our District About the District Meet the Board Meet the Superintendent Fiscal Transparency Non-Discrimination / Title IX Our Focus Areas: Teaching and Learning Talent Development and Growth Safe an…,0,,1,rity School Renewal Student Assignment Student Records Student Services Superintendent’s Office Talent Development Transportation Directory Contact Home Our District Parents and Students Our Schools Employees Executive Offices and Departments Directory Contact Us Webmail Canvas M…
Monroe County School District,FL,https://www.keysschools.com/,30,Minimal Transparency,,https://www.keysschools.com/page/information-technology,https://www.keysschools.com/page/contact-us,Missing: policy (crawl limited),2,0,,0,,1,c Records Request | ADA Compliance Statement | Email Us! Copyright © 2026 Monroe County Schools. All rights reserved. Powered By Apptegy Visit us to learn more Directory of School Counselors / Social Workers | Monroe County Schools Skip to content Job Openings Focus Portal Studen…,0,,1,ent Organizational Chart Ocean Guardian School District Suicide Prevention District Superintendent's Leadership Team Careers and Employment Contact Us District Strategic Plan Financial Data Map of School locations School Board Show submenu for School Board School Board Meetings S…
Flagler Schools,FL,https://www.flaglerschools.com/,30,Minimal Transparency,https://www.flaglerschools.com/about-us/community/flagler-youth-orchestra/policies-procedures,,https://www.flaglerschools.com/about-us/community/flagler-youth-orchestra/staff,Missing: tech (crawl limited),2,0,,0,,1,(NSE) NSE FAQs and How-Tos Non-Discrimination Statement Our District Research Requests Schools School Planning School Zones Strategic Plan Superintendent Use of Facilities Vendors & Contractors Registrar List School Board Board Calendar Board Docs (opens in new window/tab) Board …,0,,1,b Descriptions Salary Schedules Substitute Teaching Transportation Jobs Work With Us Connect With Us Brand & Communications Guides Calendar Contact Information Contact Us Digital Flyers District News Livestream ParentSquare Social Media Videos (opens in new window/tab) Volunteeri…
Putnam County School District,FL,https://www.putnamschools.org/,30,Minimal Transparency,,,,"Missing: policy, tech, contact (crawl limited)",2,0,,0,,1,"nts, or requests for additional information regarding discrimination or harassment may be sent to: Michael Stevens as the District Title IX Coordinator, Section 504 and Equity Officer at 200 Reid Street, Palatka, FL 32177, phone 386-329-0538, email mstevens@my.putnamschools.org. …",0,,1,"account is created, you’ll receive an email with instructions to activate it. Didn't get the email? Check your spam folder. Still missing? Contact your school’s data clerk for help. Note: Only one application is needed per household. What You Can See in Skyward Family Access: Stu…"
Highlands County Schools,FL,https://www.highlands.k12.fl.us/,0,No Public AI Governance Signals,,,,"Missing: policy, tech, contact (crawl limited)",0,0,,0,,0,,0,,0,
Gadsden County Schools,FL,https://www.gcsedu.com/,0,No Public AI Governance Signals,,,,"Missing: policy, tech, contact (crawl limited)",0,0,,0,,0,,0,,0,
Gulf County Schools,FL,https://www.gulf.k12.fl.us/,0,No Public AI Governance Signals,,,,"Missing: policy, tech, contact (crawl limited)",0,0,,0,,0,,0,,0,
Jackson County School District,FL,https://www.jcsb.org/,30,Minimal Transparency,,,https://www.jcsb.org/apps/staff/,"Missing: policy, tech (crawl limited)",2,0,,0,,1,sportation) sheila.deshazo@jcsb.org 850-482-9613 ext 32200 Becky DeWitt Computer Technician becky.dewitt@jcsb.org 850-482-1200 Steve DeWitt Director of Transportation steve.dewitt@jcsb.org 850-482-9613 ext 32225 Dana Dilmore Leave Specialist dana.dilmore@jcsb.org 850-482-1200 ext…,0,,1,"b Accessibility Non-Discrimination Equal Opportunity Privacy Public Records Request Transparency Florida Title IX Edlio Login Parent Portal Staff Directory Board Calendar Staff Directory | Jackson County School Board Skip to main content 2903 Jefferson Street, Marianna, FL 32446 …"
Nassau County School District,FL,https://www.nassau.k12.fl.us/,10,No Public AI Governance Signals,https://www.nassau.k12.fl.us/o/ncsd/page/school-board,,,"Missing: tech, contact (crawl limited)",1,0,,0,,0,,0,,1,"you do not want your e-mail address released in response to a public records request, do not send electronic mail to this entity. Instead, contact this office by phone or in writing. Notice of Non-Discrimination Copyright © 2026 Nassau County School District. All rights reserved.…"
Suwannee County Schools,FL,https://www.suwanneeschools.org/,0,No Public AI Governance Signals,,,,"Missing: policy, tech, contact (crawl limited)",0,0,,0,,0,,0,,0,
Washington County Schools,FL,https://www.wcsdschools.com/,30,Minimal Transparency,https://www.wcsdschools.com/statement-of-non-discrimination-policy,,https://www.wcsdschools.com/district-staff,Missing: tech (crawl limited),2,0,,0,,1,"g on our servers, or any transmissions from our server will be completely secure. Related Links About WCSD Departments Careers School Board Superintendent For Students & Families WCSD Response to COVID-19 Twitter Facebook RSS Address: 652 3rd Street, Chipley, FL 32428 - Phone: 85…",0,,1,"ll Events 21st Century Community Learning Center Parent Night INFOGRAPHIC-REPORTING ABUSE DURING COVID-19 DCF STATEWIDE LOCAL CHILD WELFARE CONTACT MAP Suicide & Crisis Lifeline Twitter Facebook RSS Address: 652 3rd Street, Chipley, FL 32428 - Phone: 850-638-6222 - Fax: 850-638-6…"
Chicago Public Schools (SD 299),IL,https://www.cps.edu/,30,Minimal Transparency,https://www.cps.edu/services-and-supports/special-education/cps-policies-and-procedures/,,https://www.cps.edu/staff/,Missing: tech (crawl limited),2,0,,0,,1,"n Act (SOPPA) Equity in Athletics Physical Restraint / Time Out Resources Office of Student Protections & Title IX Elizabeth Mendoza Browne Chief Title IX Officer CPS Title IX Coordinator 773-535-4400 osp@cps.edu 110 N. Paulina St. Chicago, IL 60612 Main Home / About CPS / Polici…",0,,1,"oter CHICAGO PUBLIC SCHOOLS 42 W. Madison Street Chicago, IL 60602 773-553-1000 © 2026 Chicago Public Schools | 1.0.9539 | KU Helpful Links Contact CPS Department Directory Networks Leadership Team Non-Discrimination Statement What's New Support CPS Press Releases Media Careers P…"
U-46 School District (Elgin Area),IL,https://www.u-46.org/,10,No Public AI Governance Signals,https://www.u-46.org/privacy-policy,,https://www.u-46.org/our-district/departments-programs/observatory-planetarium/contact-information,Missing: tech (crawl limited),1,0,,0,,0,,0,,1,g Snapshots • 5Essentials Survey Home • Illinois State Report Card CAREERS DEPARTMENTS & PROGRAMS Observatory/ Planetarium Planetarium Home Contact Information Planetarium History Scout or Class Reservations Program Information Public Sky Shows Online Resources Preschool (opens i…
DuPage High School District 88,IL,https://www.dupage88.net/,30,Minimal Transparency,,,,"Missing: policy, tech, contact (crawl limited)",2,0,,0,,1,egment Get to know Addison Trail Get to know Willowbrook District 88 boundary information District and school report cards Employment Staff Directory Transparency Accessibility Calendars District Calendars Addison Trail Calendar Willowbrook Calendar Departments Administration Bil…,0,,1,ideo segment Get to know Addison Trail Get to know Willowbrook District 88 boundary information District and school report cards Employment Staff Directory Transparency Accessibility Calendars District Calendars Addison Trail Calendar Willowbrook Calendar Departments Administrati…
Indian Prairie School District 204,IL,https://www.ipsd.org/,30,Minimal Transparency,https://www.ipsd.org/resources/legal/website-privacy-policy,https://www.ipsd.org/departments/technology-services/tech-services-staff,https://www.ipsd.org/departments/technology-services/tech-services-staff,,2,0,,0,,1,"y Home App for Families Student Services Health Services Tech Services Staff Click on the '+' above to view other pages Name Title Building CHIEF TECHNOLOGY OFFICER & TECHNOLOGY DIRECTORS Mack, Rodney Chief Technology Officer CEC Gray, William Director of Technology Security Infr…",0,,1,tal Learning Resources Online Textbooks 1:1 Chromebook Info e-Learning Days Departments Superintendent Administration Food Services Whom to Contact Menus (External Link) (opens in new window/tab) Free or Reduced-Price Meal Information Prices & Payment Student Meal Prices Student …
Naperville Community Unit School District 203,IL,https://www.naperville203.org/,30,Minimal Transparency,https://www.naperville203.org/board-of-education,https://www.naperville203.org/departments-services/information-technology/applications-data-management/staff-applications,https://www.naperville203.org/departments-services/information-technology/applications-data-management/staff-applications,,2,0,,0,,1,"ve deep into artificial intelligence, screen time and digital safety. Matt Langes, Director of Innovation & Learning, and Dr. Noor Shammas, Coordinator of Instructional Technology, will host the community sessions 4th Annual Career Motive-8 Delivers Unforgettable Day of Hands-On …",0,,1,") Freedom of Information Act (FOIA) Bids and Proposals (opens in new window/tab) District Calendars (opens in new window/tab) District Maps Staff Directory (opens in new window/tab) Vision, Mission and Beliefs (opens in new window/tab) District Fast Facts Report to the Community …"
Community Consolidated School District 15 (Palatine),IL,https://www.ccsd15.net/,30,Minimal Transparency,https://www.ccsd15.net/our-district/boe,,https://www.ccsd15.net/our-district/contact-d15,Missing: tech (crawl limited),2,0,,0,,1,eport Nav Bullying/Safety Tip Line Distrct Preloader DISTRICT 15 NEWS PROUD TO BE 15 D15 Board of Education Appoints Dr. Dana Smith as Next Superintendent Feb 10 2026 The Board of Education of Community Consolidated School District 15 has appointed Dr. Dana Smith as the district’…,0,,1,"As a public institution, District 15 is subject to the Illinois FOIA. See the Freedom of Information Act (FOIA) page for more information. Staff Directory (Search) Keyword First Name Last Name Location All Locations Carl Sandburg Middle School Central Road Elementary School Distr…"
Township High School District 214,IL,https://www.d214.org/,30,Minimal Transparency,https://www.d214.org/page/board-of-education,,https://www.d214.org/o/d214/page/staff-portal,Missing: tech (crawl limited),2,0,,0,,1,ion Members Board Member Training Mission and Parameters Meeting Dates Agendas & Minutes Election Information Policies Public Comment Community Education District Departments Education Foundation Staff Directory Strategic Plan Academics Show submenu for Academics Academics Academ…,0,,1,Meeting Dates Agendas & Minutes Election Information Policies Public Comment Community Education District Departments Education Foundation Staff Directory Strategic Plan Academics Show submenu for Academics Academics Academic Programs and Pathways Guidebook Assessments Registrati…
Plainfield School District 202,IL,https://www.psd202.org/,30,Minimal Transparency,https://www.psd202.org/page/board-of-education,,https://www.psd202.org/page/administration,Missing: tech (crawl limited),2,0,,0,,1,Homecoming School Polling Places District 202 Facility Usage Foundation for Excellence DEPARTMENTS Show submenu for DEPARTMENTS DEPARTMENTS Superintendent Administration and Personnel Business & Operations Community Relations Curriculum & Instruction Student Services Health Servi…,0,,1,ABOUT US Show submenu for ABOUT US ABOUT US D202 At a Glance District Planning and Progress Administration Show submenu for Administration Staff Directory District Map Interactive District map District Report Card School Safety Transparency Show submenu for Transparency Freedom o…
Rockford Public Schools (SD 205),IL,https://www.rps205.com/,0,No Public AI Governance Signals,,,,"Missing: policy, tech, contact (crawl limited)",0,0,,0,,0,,0,,0,
Schaumburg School District 54,IL,https://sd54.org/,30,Minimal Transparency,https://sd54.org/board/,https://sd54.org/technology/,https://sd54.org/staff/,,2,0,,0,,1,EO Contract Substitutes Web Mail Departments Business Operations Community Relations Human Resources Multilingual Programs Special Services Superintendent’s Office Teaching and Learning Technology Transportation Contact Us Bullying and Safety Reporting Complaint Procedures Contac…,0,,1,tion District Policies Freedom of Information Act Illinois School Report Card Mission Overview of District 54 Run to Read School Boundaries Staff Directory Families & Students Attendance/Hours Assistance and Support Child Care Curriculum Equity and Inclusion Food Pantry Foundatio…
Valley View School District 365U,IL,https://www.valleyviewsd365u.org/,0,No Public AI Governance Signals,,,,"Missing: policy, tech, contact (crawl limited)",0,0,,0,,0,,0,,0,
Joliet Public Schools District 86,IL,https://www.joliet86.org/,30,Minimal Transparency,https://www.joliet86.org/o/jps/page/school-board,,https://www.joliet86.org/staff,Missing: tech (crawl limited),2,0,,0,,1,ools District 86 website. Please explore the website for a variety of information and connect with us on social media. End of Gallery Staff Directory Documents School Board E-LEARNING ROOMS Dining Community Events Superintendent's welcome Welcome to Joliet Public Schools District…,0,,1,ic Schools District 86 website. Please explore the website for a variety of information and connect with us on social media. End of Gallery Staff Directory Documents School Board E-LEARNING ROOMS Dining Community Events Superintendent's welcome Welcome to Joliet Public Schools Di…
Peoria Public Schools District 150,IL,https://www.peoria150.org/,0,No Public AI Governance Signals,,,,"Missing: policy, tech, contact (crawl limited)",0,0,,0,,0,,0,,0,
Springfield School District 186,IL,https://www.sps186.org/,30,Minimal Transparency,https://www.sps186.org/o/sps/page/board-of-education,,,"Missing: tech, contact (crawl limited)",2,0,,0,,1,ring October through January to facilitate planning of the group’s Unity Day event. The Student Board Representative works closely with the Superintendent and her staff to facilitate the Roundtable's meetings and activities. The Student Board Representative will be given time on …,0,,1,"e District's administrative office located at 3063 Fiat Avenue. For additional information or to set an appointment to view the map, please contact Julie Hammers at 217/525-4406, jhammers@sps186.org. Student Board of Education Member Application Information Sample Application The…"
Aurora Public Schools District 131,IL,https://www.d131.org/,30,Minimal Transparency,https://www.d131.org/board-of-education/,,https://www.d131.org/staff-logins/,Missing: tech (crawl limited),2,0,,0,,1,rvice Centers Centros de Servicio Staff Directory Directorio del personal Calendar Calendario Human Resources Recursos Humanos Search Staff Directorio del personal Submit Enviar 2025-2026 School Year 2025-2026 Año Escolar About Nuestro Distrito Parents Padres Students Estudiantes…,0,,1,s Students Estudiantes Search Site Sitio de Búsqueda Submit Enviar News Noticias Register Inscripciones Service Centers Centros de Servicio Staff Directory Directorio del personal Calendar Calendario Human Resources Recursos Humanos Search Staff Directorio del personal Submit Env…
East Aurora School District 131,IL,https://www.d131.org/,30,Minimal Transparency,https://www.d131.org/board-of-education/,,https://www.d131.org/staff-logins/,Missing: tech (crawl limited),2,0,,0,,1,rvice Centers Centros de Servicio Staff Directory Directorio del personal Calendar Calendario Human Resources Recursos Humanos Search Staff Directorio del personal Submit Enviar 2025-2026 School Year 2025-2026 Año Escolar About Nuestro Distrito Parents Padres Students Estudiantes…,0,,1,s Students Estudiantes Search Site Sitio de Búsqueda Submit Enviar News Noticias Register Inscripciones Service Centers Centros de Servicio Staff Directory Directorio del personal Calendar Calendario Human Resources Recursos Humanos Search Staff Directorio del personal Submit Env…
Oswego Community Unit School District 308,IL,https://www.sd308.org/,30,Minimal Transparency,https://www.sd308.org/Our-District/Disclosures/Policies/index.html,,https://www.sd308.org/Staff-Directory/,Missing: tech (crawl limited),2,0,,0,,1,"atically retrieve data or other content from the Site to create or compile, directly or indirectly, a collection, compilation, database, or directory without written permission from us. 2. Make any unauthorized use of the Site, including collecting usernames and/or email addresse…",0,,1,"or or staff member for your child’s school, please access the school website, contact information can also be found using our district wide staff directory. Need assistance? If you are not sure who to contact, just use this link and your question will be directed to the most appr…"
Waukegan Community Unit School District 60,IL,https://www.wps60.org/,30,Minimal Transparency,https://www.wps60.org/parents_students/promotion_retention_policy_manual,,https://www.wps60.org/our_district/staff_directory,Missing: tech (crawl limited),2,0,,0,,1,ent at Home Guides Communications F.A.C.E Newsletter F.A.C.E. F.A.C.E Events Calendar Family Involvement Volunteer Application OSAA Liaison Directory Volunteer Opportunities Waukegan Alumni Alumni Transcript Requests Community Committees PTAC - Parent / Teacher Advisory Committee…,0,,1,} ##LOC[OK]## Menu Our District About Our District About Our District District Events District Map District News Frequently Asked Questions Staff Directory Waukegan Schools Foundation Welcome Center Leadership Office of the Superintendent Area Superintendents Negotiated Contracts…
Evanston/Skokie School District 65,IL,https://www.district65.net/,30,Minimal Transparency,https://www.district65.net/about/commitment-to-equity/d65-equity-policy,,https://www.district65.net/about/contact-us,Missing: tech (crawl limited),2,0,,0,,1,"s Evanston/Skokie School District 65 2025-2026 School Board Agreements Approved August 18, 2025 Mutual Respect Board members will treat the superintendent and administration with respect. Board members will treat each other and staff with respect. The superintendent and staff wil…",0,,1,School Budget Data & Reports Research & Survey Guidelines RAAD Team School Report Cards District 65 Quick Facts Contact Us School Directory Staff Directory Attendance Reporting Learning Teaching & Learning Curriculum At-A-Glance 2025-2026 (opens in new window/tab) Standards Based…
New Trier Township High School District 203,IL,https://www.newtrier.k12.il.us/,30,Minimal Transparency,https://www.newtrier.k12.il.us/our-district/board-of-education/board-of-education-directory,,https://www.newtrier.k12.il.us/our-district/board-of-education/board-of-education-directory,Missing: tech (crawl limited),2,0,,0,,1,nancial Assistance Program Technology Transportation Physical Plant Services Integrated Pest Management Physical Plant Services (PPS) Staff Directory Technology ADA Accessibility Mobile Learning Program Technology Resources Student Online Personal Privacy Act (SOPPA) Technology S…,0,,1,s and Administrative Services Registrar Attendance Office Summer School Schedule Change Requests Admin Services - Staff Only Admin Services Staff Directory End of Semester Information Late Arrival Dates and Information Business Services Business Services - Staff Only Business Ser…
Maine Township High School District 207,IL,https://www.maine207.org/,0,No Public AI Governance Signals,,,,"Missing: policy, tech, contact (crawl limited)",0,0,,0,,0,,0,,0,
Glenbrook High School District 225,IL,https://www.glenbrook225.org/,30,Minimal Transparency,https://www.glenbrook225.org/our-district/board-of-education/policies,https://www.glenbrook225.org/departments/operations/technology-services,https://www.glenbrook225.org/families/support/staff-directory,,2,0,,0,,1,"ls Intergovernmental Agreements SEL Summer 2026 Capital Projects January 12| Board Notes January 12, 2026 Board of Education Meeting Agenda Superintendent Report Dr. Gravel shared several updates, beginning with the announcement that the cross-town basketball games will take plac…",0,,1,chool Health Center McKinney-Vento Services for Homeless Students Student Financial Assistance Program Student Voluntary Accident Insurance Staff Directory header-container logo-container logo-image right-container right-top-container translate-container district-nav District Hom…
Stevenson High School District 125,IL,https://www.d125.org/,30,Minimal Transparency,https://www.d125.org/about/board-of-education,https://www.d125.org/academics/academic-divisions/computer-science-engineering-and-technology,https://www.d125.org/directory,,2,0,,0,,1,tab) Twitter (opens in new window/tab) Instagram (opens in new window/tab) YouTube (opens in new window/tab) Calendar Contact Us Directions Directory Employment Staff Links Sitemap Accessibility Powered by Finalsite Board of Education - Stevenson High School Find It Fast Calendar…,0,,1,Overview Administrative Team Alumni (opens in new window/tab) Board of Education District Communications District Documents Employment News Staff Directory Staff Links/Intranet Stevenson Foundation (opens in new window/tab) Student Well-Being Vision and Values Visit Us Facebook (…
Adlai E. Stevenson District 125,IL,https://www.d125.org/,30,Minimal Transparency,https://www.d125.org/about/board-of-education,https://www.d125.org/academics/academic-divisions/computer-science-engineering-and-technology,https://www.d125.org/directory,,2,0,,0,,1,tab) Twitter (opens in new window/tab) Instagram (opens in new window/tab) YouTube (opens in new window/tab) Calendar Contact Us Directions Directory Employment Staff Links Sitemap Accessibility Powered by Finalsite Board of Education - Stevenson High School Find It Fast Calendar…,0,,1,Overview Administrative Team Alumni (opens in new window/tab) Board of Education District Communications District Documents Employment News Staff Directory Staff Links/Intranet Stevenson Foundation (opens in new window/tab) Student Well-Being Vision and Values Visit Us Facebook (…
Lyons Township High School District 204,IL,https://www.lths.net/,30,Minimal Transparency,https://www.lths.net/student-resources12/technology-services/password-policy,https://www.lths.net/student-resources12/technology-services/password-policy,https://www.lths.net/staff-only/technology,,2,0,,0,,1,ame (opens in new window/tab) Intramurals State Champions Letterman Jacket Equity & Belonging Care Space (opens in new window/tab) Contact: Director of Equity & Belonging Resources Initiatives Support of Students who are Transgender and/or Gender Expansive Uniform Grievance Proce…,0,,1,"udent Supports Equity Resources Staff Lactation Rooms Celebration for Black History Month: Rooted in Love, United in Legacy Human Resources Staff Directory Technology Workroom Library & Forms Field Trip Requests Letter of Recommendation Toolkit Official Logos Staff Wellness Resto…"
Oak Park and River Forest High School District 200,IL,https://www.oprfhs.org/,30,Minimal Transparency,https://www.oprfhs.org/students/educational-technology/student-acceptable-use-policy,https://www.oprfhs.org/students/educational-technology/student-acceptable-use-policy,,Missing: contact (crawl limited),2,0,,0,,1,Opportunities Wellness About About Our School Accessibility Statement Alumni Association Board of Education Business Office Communications Directory District Documents Employment/Human Resources Equity & Student Success Facilities and Construction Imagine Foundation News Safety S…,0,,1,Budget Basics Fund Balance Background Communications ParentSquare ParentSquare FAQ Directory Administrators Oak Park River Forest Faculty & Staff Directory District Documents Employment/Human Resources Employment Information Faith's Law/Resource Guide Verification of Employment E…
Cicero School District 99,IL,https://www.sd99.org/,0,No Public AI Governance Signals,,,,"Missing: policy, tech, contact (crawl limited)",0,0,,0,,0,,0,,0,
Berwyn South School District 100,IL,https://www.bsd100.org/,30,Minimal Transparency,https://www.bsd100.org/board-of-education/board-policy-manual,,https://www.bsd100.org/facultystaff-directory,Missing: tech (crawl limited),2,0,,0,,1,rganizations & Flyers Privacy Policy Student Support Home In This Section Home pause slideshow play slideshow < > Calendar Employment Staff Directory Meals Program Parent/Family Portal Recognition Student Support Upcoming Events Stay in the Loop Check back here for updates Presid…,0,,1,nity Organizations & Flyers Privacy Policy Student Support Home In This Section Home pause slideshow play slideshow < > Calendar Employment Staff Directory Meals Program Parent/Family Portal Recognition Student Support Upcoming Events Stay in the Loop Check back here for updates …
Berwyn North School District 98,IL,https://www.bn98.org/,30,Minimal Transparency,https://www.bn98.org/departments/human-resources/sexual-harassment-policy-1,,https://www.bn98.org/guidance-and-resources-regarding-new-presidential-administration-page,Missing: tech (crawl limited),2,0,,0,,1,Home - Berwyn North School District 98 Skip To Main Content Close Menu Search Clear Search District Superintendent Mission Statement & Strategic Plan Boundaries Calendar Website Calendar 2025-2026 PRE-K Calendar 2025-2026 K-8 Calendar 2025-2026 Educator Calendar Board of Educatio…,0,,1,yn North 98 (@berwyn98) Logo Image Logo Title Berwyn North School District 98 6633 W. 16th Street Berwyn IL 60402 708-484-6200 708-795-2482 Staff Directory Lunch Menu Calendar Twitter (opens in new window/tab) Facebook (opens in new window/tab) Instagram (opens in new window/tab)…
Proviso Township High Schools District 209,IL,https://www.pths209.org/,30,Minimal Transparency,https://www.pths209.org/discover-d209/board-of-education/boe-members,https://www.pths209.org/discover-d209/departments/academic-services/technology-integration,https://www.pths209.org/staff/benefits,,2,0,,0,,1,Newsletters Non-Discrimination Statement and Title IX School District Report Card (opens in new window/tab) Spirit Wear Online Store Staff Directory Who We Are Committee of the Whole Meeting Information Proviso Township High Schools District 209 has launched a new Committee of th…,0,,1,strict Newsletters Non-Discrimination Statement and Title IX School District Report Card (opens in new window/tab) Spirit Wear Online Store Staff Directory Who We Are Academics Career Technical Education & Early College Programs Math & Science Academies Incoming Freshmen (Class o…
Leyden High School District 212,IL,https://www.leyden212.org/,30,Minimal Transparency,https://www.leyden212.org/about-us/departments/technology-department/policies-procedures-forms,https://www.leyden212.org/about-us/departments/technology-department/policies-procedures-forms,https://www.leyden212.org/about-us/district-administration,,2,0,,0,,1,ly 1:1 & Chromebook Info Mobile Hotspot Request IL Emergency Broadband Services Policies Procedures & Forms Student Data Privacy & Security Directory FOIA Requests Overview District Overview Boundaries Community Partners Equity Statement History Mandated Reports Mission & Vision …,0,,1,ict Board of Education Meet the Board of Education Meeting Agendas & Minutes FAQ Development & Training Organizational Chart Board Policies Contact Us - District Departments Human Resources Department Contact Info Employment Apply Job Fairs Salary & Benefits Verifications Student…
Niles Township High Schools District 219,IL,https://www.ntd219.org/,0,No Public AI Governance Signals,,,,"Missing: policy, tech, contact (crawl limited)",0,0,,0,,0,,0,,0,
North Shore School District 112,IL,https://www.nssd112.org/,30,Minimal Transparency,https://www.nssd112.org/board-of-education/board-policy-manual,,https://www.nssd112.org/about/contact-nssd112,Missing: tech (crawl limited),2,0,,0,,1,Communications Food Services Health Services Operations and Facilities Personnel Services Registration Safety and Security Student Services Superintendent of Schools Teaching and Learning Technology Services Transportation Families 2025-2026 Supply Lists Before- and After-School …,0,,1,"ssages. For urgent matters, please contact your school or the district office directly. For security purposes, District 112 does not post a staff directory on the website. To reach a specific teacher or staff member, please contact them via ParentSquare, call your school or fill …"
Wheeling Community Consolidated District 21,IL,https://www.ccsd21.org/,0,No Public AI Governance Signals,,,,"Missing: policy, tech, contact (crawl limited)",0,0,,0,,0,,0,,0,
Gurnee School District 56,IL,https://www.d56.org/,10,No Public AI Governance Signals,https://www.d56.org/o/gurnee/page/board-of-education,,https://www.d56.org/o/gurnee/page/for-staff,Missing: tech (crawl limited),1,0,,0,,0,,0,,1,"education Transportation D56 Meal Program School Calendar REvTrak Employment Find Us Gurnee District 56 3706 Florida Ave. Gurnee, IL 60031 Phone: 847-336-0800 Fax: 847-336-1110 Schools Gurnee District 56 Spaulding School Prairie Trail School River Trail School Viking School Stay …"
Woodstock Community Unit School District 200,IL,https://www.woodstockschools.org/,30,Minimal Transparency,https://www.woodstockschools.org/school-board/board-policies-docs,,https://www.woodstockschools.org/about-us/staff-directory,Missing: tech (crawl limited),2,0,,0,,1,elebrate Families - Birth to 3 Program Dual Degree Program Emergency Day e-Learning Plan Fine Arts High School Curriculum Guide Departments Superintendent's Office Buildings & Grounds Communications & Community Services Finance & Business Services Food Services Grants Health Serv…,0,,1,es Calendar Employment (opens in new window/tab) Families & Students (opens in new window/tab) PowerSchool Portal (opens in new window/tab) Contact Us Facebook (opens in new window/tab) Instagram (opens in new window/tab) YouTube (opens in new window/tab) District Schools Verda D…
Crystal Lake Community Consolidated District 47,IL,https://www.d47.org/,30,Minimal Transparency,https://www.d47.org/board-of-education,,https://www.d47.org/about-us/staff-directory,Missing: tech (crawl limited),2,0,,0,,1,es Careers Paraprofessional Substitute Teaching Staff Milestones Operations Facility Rental Safety I Love U Guys Standard Response Protocol Superintendent's Office Technology Services Assistive Technology Family Technology & Resources Student Data & Privacy Student Devices & Resp…,0,,1,oards History of District 47 Where it Started Creation of District 47 & 155 20th Century 21st Century Illinois Report Card Input & Insights Staff Directory Strategic Plan News Board of Education Board Meeting Agendas & Minutes (opens in new window/tab) Board Policies (opens in ne…
Community High School District 155,IL,https://www.d155.org/,30,Minimal Transparency,,https://www.d155.org/departments/curriculum-and-assessment/school-courses/industrial-technology,https://www.d155.org/about/contact,Missing: policy (crawl limited),2,0,,0,,1,"Education's strategic vision for the district. Dr. Neil Lesinski Superintendent email: nlesinski@d155.org​ Dr. Neil Lesinski was appointed superintendent of Community High School District 155 in July 2023, following six years of service as principal of Cary-Grove High School. He …",0,,1,District Home Menu About Annual Report 2024-2025 (English) Annual Report 2024-2025 (Spanish) Class Schedules Contact Us District Administration District Boundary Map District Enrollment Projections District Information D155 Calendars Strategic Plan Board o…
Kaneland Community Unit School District 302,IL,https://www.kaneland.org/,30,Minimal Transparency,https://www.kaneland.org/about-d302/policies/self-administration-of-medication,,https://www.kaneland.org/about-d302/policies/self-administration-of-medication,Missing: tech (crawl limited),2,0,,0,,1,"nalized Learning Academy (opens in new window/tab) Open Menu Logo Title Kaneland CUSD #302 Graduate all students college, career, and community ready Schools Staff Directory Employment Superintendent Calendar Open Search Search Clear Search Close Search About D302 Superintendent'…",0,,1,window/tab) Lunch Menus (KHS & KHMS) McKinney-Vento Act (Homeless) NEW-Preschool Interest Application (opens in new window/tab) School Fees Staff Directory Student Handbooks Student Tech Profile (opens in new window/tab) NEW-Summer School (opens in new window/tab) Supply Lists Vi…
St. Charles Community Unit School District 303,IL,https://www.d303.org/,0,No Public AI Governance Signals,,,,"Missing: policy, tech, contact (crawl limited)",0,0,,0,,0,,0,,0,
Batavia Public School District 101,IL,https://www.bps101.net/,30,Minimal Transparency,https://www.bps101.net/policy/,,https://www.bps101.net/staff-listing/,Missing: tech (crawl limited),2,0,,0,,1,"cial Education Departments Batavia Fine Arts Centre Communications Curriculum & Instruction Facilities Finance and Business Human Resources Superintendent Student Services Technology Transportation Join Our Newsletter Typically, we send one message weekly on Wednesday afternoons …",0,,1,School Careers Parent Login Staff Login Search Home About About Us Batavia Foundation Hall of Honor Illinois Report Card School Boundaries Staff Directory Strategic Plan Students Breakfast/Lunch Menus ClassLink (app launcher) Classroom Environment Community Resources Safety Help …
Geneva Community Unit School District 304,IL,https://www.geneva304.org/,30,Minimal Transparency,https://www.geneva304.org/VisitorPolicy1.aspx,,https://www.geneva304.org/Directory1.aspx,Missing: tech (crawl limited),2,0,,0,,1,ties Facilities FOIA/Public Documents Hours of Operation Newsroom Safety & Security School Directory Staff Directory Strategic Plan 2024-29 Superintendent Viking Spotlight Vision Volunteer With PRIDE Who We Are Students Elementary Math Home Access Center Login Libraries Office 36…,0,,1,igest Weekly Email Employment Opportunities Facilities FOIA/Public Documents Hours of Operation Newsroom Safety & Security School Directory Staff Directory Strategic Plan 2024-29 Superintendent Viking Spotlight Vision Volunteer With PRIDE Who We Are Students Elementary Math Home …
District 25 (Arlington Heights),IL,https://www.sd25.org/,30,Minimal Transparency,https://www.sd25.org/school-board/board-policies,,,Timed out (district budget exceeded),2,0,,0,,1,ess Welcome District Finances & Reports Retiree Benefits Transportation Freedom of Information Act Bids/RFPs Tax Shelter 403(b) Departments Superintendent Communications Facilities Food & Nutrition Services Personnel & Planning Student Learning Student Services Technology Communi…,0,,1,Heights School District 25 Skip To Main Content Close Menu Search Clear Search Our District About Us School Maps & Directory District 25's Staff Directory District 25 Stories & Videos (opens in new window/tab) Strategic Planning Early Childhood (opens in new window/tab) Branding …
Northbrook District 28,IL,https://www.northbrook28.net/,30,Minimal Transparency,https://www.northbrook28.net/board-of-ed/board-of-ed-policy,,https://www.northbrook28.net/directory,Missing: tech (crawl limited),2,0,,0,,1,"NBJH Design Plans (opens in new window/tab) Feb 11 2026 In the fourth Insight 28 episode of the 25-26 school year, Host Dr. Jason Pearson, Superintendent of Schools, sits down for a discussion with Dr. Scott Meek, NBJH Principal, Jessica Donato, Chief School Business Official, an…",0,,1,D28 Facebook (opens in new window/tab) D28 Instagram (opens in new window/tab) D28 Youtube (opens in new window/tab) D28 LinkedIn Calendar Staff Directory Website Accessibility MISSION: Empower every learner to grow and change the world. Privacy Policy Site Map Accessibility Powe…
Wilmette School District 39,IL,https://www.wilmette39.org/,30,Minimal Transparency,https://www.wilmette39.org/board_of_education/board_policy/section_3_-_administration,,https://www.wilmette39.org/board_of_education/board_policy/section_3_-_administration,Missing: tech (crawl limited),2,0,,0,,1,munity Review Committee District 39 Educational Foundation Parent Association of Student Services (PASS39) Village-Wide PTO District Office Directory Calendar 39 exPRESS Newsletter Facilities Rental Freedom of Information Act School & District Report Cards Archive School Locator …,0,,1,n Health Services Homeless Student Services (McKinney-Vento) OT & PT Reading Intervention Social Work Special Education Speech and Language Staff Directory Summer Enrichment Program Wilmette Community Special Education Agreement (WCSEA) Technology and Library Media Services Purpo…
Winnetka School District 36,IL,https://www.winnetka36.org/,30,Minimal Transparency,https://www.winnetka36.org/privacy-policy,,https://www.winnetka36.org/district/staff-directory,Missing: tech (crawl limited),2,0,,0,,1,"cally retrieve data or other content from the Website to create or compile, directly or indirectly, a collection, compilation, database, or directory without written permission from us. 2. Make any unauthorized use of the Website, including collecting usernames and/or email addre…",0,,1,Home - Winnetka School District 36 Skip To Main Content Menu Trigger Close Nav Main Container Search Search Clear Search District Staff Directory About District 36 Meet the Team Registration Early Entrance and Acceleration Employment School Board Departments Strategic Plan/Portra…
Glenview School District 34,IL,https://www.glenview34.org/,10,No Public AI Governance Signals,https://www.glenview34.org/board-of-education/contact,,https://www.glenview34.org/board-of-education/contact,Missing: tech (crawl limited),1,0,,0,,0,,0,,1,he District's Strategic Plan View My Lunch Menu View the Latest News Access #BeWell34 Send the District a Message Learn About D34 Preschool Staff Directory Explore D34 Jobs D34 Schools Attea Middle School Glen Grove School Henking School Hoffman School Lyon School Pleasant Ridge …
Evanston Township High School District 202,IL,https://www.eths.k12.il.us/,0,No Public AI Governance Signals,,,,"Missing: policy, tech, contact (crawl limited)",0,0,,0,,0,,0,,0,
Berrien Springs Public Schools,MI,https://www.homeoftheshamrocks.org/,30,Minimal Transparency,https://www.homeoftheshamrocks.org/nondiscrimination-policy/,,https://www.homeoftheshamrocks.org/district/staff-directory/,Missing: tech (crawl limited),2,0,,0,,1,de Goals Enrollment Information Schools of Choice Non-Resident Information FOIA Information Inclement Weather State & Federal Reports Staff Directory Contact Us Nondiscrimination Policy Title IX Resources Departments Adult Education (ESL) Audiology / Hearing Center Communications…,0,,1,rictwide Goals Enrollment Information Schools of Choice Non-Resident Information FOIA Information Inclement Weather State & Federal Reports Staff Directory Contact Us Nondiscrimination Policy Title IX Resources Departments Adult Education (ESL) Audiology / Hearing Center Communic…
Benton Harbor Area Schools,MI,https://www.bhas.org/,10,No Public AI Governance Signals,,,https://www.bhas.org/o/bhas/page/contact-us,"Missing: policy, tech (crawl limited)",1,0,,0,,0,,0,,1,"or call (269) 605-1045 to enroll in person. End of Gallery enroll at BHAS District Calendar Inclement Weather Rooms support transportation contact us PowerSchool get invloved Read more Find Us Benton Harbor Area Schools 870 Colfax Avenue Benton Harbor, MI 49022 269-605-1000 Schoo…"
St. Joseph Public Schools,MI,https://www.sjschools.org/,10,No Public AI Governance Signals,,,,"Missing: policy, tech, contact (crawl limited)",1,0,,0,,0,,0,,1,", communicate and work together to create a brighter future. Find Us St. Joseph Public Schools 2580 S. Cleveland Avenue St Joseph, MI 49085 Phone: (269) 926-3100 Fax: (269) 926-3188 Schools St. Joseph Public Schools - District Brown Elementary School E.P. Clarke Elementary School…"
Gaylord Community Schools,MI,https://www.gaylordschools.com/,30,Minimal Transparency,https://www.gaylordschools.com/page/school-board,,https://www.gaylordschools.com/o/gcs/page/contact-us,Missing: tech (crawl limited),2,0,,0,,1,Show submenu for more Search site Sign in Read more athletics food service forms & Links mckinney vento PARENT PORTAL school closures staff directory Transportation About GCS Gaylord Community Schools is a K - 12 public school district located in northern lower Michigan. Our dist…,0,,1,More Show submenu for more Search site Sign in Read more athletics food service forms & Links mckinney vento PARENT PORTAL school closures staff directory Transportation About GCS Gaylord Community Schools is a K - 12 public school district located in northern lower Michigan. Our…
Mackinaw City Public Schools,MI,https://mackcity.k12.mi.us/,30,Minimal Transparency,https://mackcity.k12.mi.us/our-district/school-board/,,https://mackcity.k12.mi.us/our-district/staff-directory/,Missing: tech (crawl limited),2,0,,0,,1,"oyed by the Mackinaw City Public School district since 1998. After serving initially as elementary principal, Mr. Curth took on the role of superintendent in 2004. Mrs. Rebecca Valot began employment with the Mackinaw City Public School district in 2002. In the fall of 2021, she …",0,,1,kip to Navigation Search Form Quick Search: Search Like us on Facebook Main Menu Our District Administration School Board District Calendar Staff Directory Schools of Choice Advanced Notice of Pesticide Treatment Food Service FOIA Guildelines Athletics Our Schools Elementary Scho…
Clare Public Schools,MI,https://www.clare.k12.mi.us/,10,No Public AI Governance Signals,,,,"Missing: policy, tech, contact (crawl limited)",1,0,,0,,0,,0,,1,"site Menu Schools Translate Menu Schools Translate Skip Gallery End of Gallery Find Us Clare Public Schools 201 E State St Clare, MI 48617 Phone: (989) 386.9945 Fax: (989) 386.6055 Schools Clare Public Schools Primary School Middle School High School Pioneer High School Clare Ath…"
Farwell Area Schools,MI,https://www.farwellschools.net/,10,No Public AI Governance Signals,,,,"Missing: policy, tech, contact (crawl limited)",1,0,,0,,0,,0,,1,"e. Fine Arts Program Drama, Art, Choir, Instrumental Music, Wood Shop Find Us Farwell Area Schools 399 E. Michigan Street Farwell, MI 48622 Phone: (989) 588-9917 Fax: (989) 588-6440 Schools Farwell Area Schools Farwell Elementary Farwell Middle School Farwell High School Timberla…"
Gladwin Community Schools,MI,https://www.gladwinschools.net/,60,Emerging Governance,https://www.gladwinschools.net/o/gcs/page/board-policies,,,"Missing: tech, contact (crawl limited)",3,1,"ly Left Blank 4226 District Employment Intentionally Left Blank 4227 District Employment No Expectation of Privacy 4228 District Employment Acceptable Use of Generative Artificial Intelligence 4229 District Employment Definition 4301 District Employment Employee Pay, Including Mi…",0,,1,Gladwin Athletics Stay Connected Copyright © 2026 Gladwin Community Schools. All rights reserved. Powered By Apptegy Visit us to learn more Superintendent Evaluations | Gladwin Community Schools Skip to content Gladwin Community Schools Elementary Intermediate Junior High High Sc…,0,,1,"cademic Matters Intentionally Left Blank 5106 Students, Curriculum, and Academic Matters Investigations, Arrests, and Other Law Enforcement Contact 5201 Students, Curriculum, and Academic Matters Unlawful Discrimination, Harassment, and Retaliation Against Students 5202 Students,…"
Bath Community Schools,MI,https://www.bathschools.net/,10,No Public AI Governance Signals,,,,"Missing: policy, tech, contact (crawl limited)",1,0,,0,,0,,0,,1,"hat Food Services Transportation Athletics Job Opportunities Bath School Museum Find Us Bath Community Schools 6175 Clark Rd Bath, MI 48808 Phone: (517) 641-6721 Fax: (517)641-6958 Website Accessibility Statement Schools Bath Community Schools Bath Elementary School Bath Middle S…"
DeWitt Public Schools,MI,https://www.dewittschools.net/,30,Minimal Transparency,https://www.dewittschools.net/board-of-education,,https://www.dewittschools.net/staff-links,Missing: tech (crawl limited),2,0,,0,,1,"ublicly upon completion in Spring 2026. Please complete the survey by February 28, 2026 . Please direct any questions to Mr. Kevin Robydek, Superintendent of Schools, via email at dpsbond@dewittschools.net. Thank you in advance for participating in the survey. Click here to take …",0,,1,ict Forms School of Choice Calendar Schools Fuerstenau ECC Schavey Road Scott School Herbison Woods DeWitt Middle School DeWitt High School Staff Directory Staff Links Employee Wellness Resources Insurance Presentation Home of the Panthers Home Board of Education Live Stream Huma…
Breitung Township Schools (Kingsford),MI,https://www.kingsford.org/,30,Minimal Transparency,,,https://www.kingsford.org/staff-directory,"Missing: policy, tech (crawl limited)",2,0,,0,,1,"School Kingsford Middle School Woodland Elementary School × Close Homepage Pause Play Previous Next Enrollment School Board Calendar Staff Directory Employment Athletics Welcome to Breitung Township Schools The Mission of Breitung Township Schools is to partner with students, fam…",0,,1,Hall of Fame Schools Kingsford High School Kingsford Middle School Woodland Elementary School Popular Links Athletics Enrollment Meal Menus Staff Directory Staff Resources Search Home District Information District Information Emergency Drill Documentation Food Service FAQ Free an…
Norway-Vulcan Area Schools,MI,https://www.nvknights.org/,30,Minimal Transparency,,,,"Missing: policy, tech, contact (crawl limited)",2,0,,0,,1,arn more Finance Payroll | Norway Vulcan Area Schools Skip to content Norway Vulcan Area Schools Home of the Knights Menu Translate Search site Finance Director and Payroll Consult the individuals below for questions about financing and payroll. We work in collaboration with the …,0,,1,"ire alternative means of communication for program information (e.g , Braille, large print, audiotape, American Sign Language, etc.) should contact the responsible Agency or USDA's TARGET Center at (202) 720-2600 (voice and TTY) or contact USDA through the Federal Relay Service a…"
Sault Ste. Marie Area Schools,MI,https://www.saultschools.org/,30,Minimal Transparency,https://www.saultschools.org/board-of-education,,,"Missing: tech, contact (crawl limited)",2,0,,0,,1,e Menu Search Clear Search Administration Administrators Freedom of Information Act (FOIA) Perspective Interviews (opens in new window/tab) Superintendent Perspective Interviews SAHS Student Radio Ads Title IX Nondiscrimination School Projects Athletics Board of Education Meeting…,0,,1,nd (ACFS) Eastern Upper Peninsula Tri-Share Scholarship Information Meet Our Staff Interested in working in Early Childhood? External Links Contact Us School Schedule School Day Summer Programs Summer Credit Recovery SPRINT Program- High School Special Education-Extended School Y…
Bois Blanc School District,MI,https://boisblanc.eupschools.org/,10,No Public AI Governance Signals,https://boisblanc.eupschools.org/privacy-policy,,https://boisblanc.eupschools.org/our-district/pines-school-elementary/contact-information,Missing: tech (crawl limited),1,0,,0,,0,,0,,1,- Bois Blanc Pines School District Skip To Main Content Close Menu Search Clear Search School Calendar Our District Pines School Elementary Contact Information School Calendar Accessibility Board of Education Board Meeting Agendas Board Meeting Minutes Board Members Bylaws and Po…
Charlotte Public Schools,MI,https://www.charlotteorioles.com/,30,Minimal Transparency,https://www.charlotteorioles.com/board-of-education/,,,"Missing: tech, contact (crawl limited)",2,0,,0,,1,act Us District Appeals Process The Chirp District News Enrollment Master Calendar Public Bids Schools of Choice Schools and Services Staff Directory Continuity of Learning Plan Board of Education Public Hearing on Proposed 2025-26 Budget Regular Meeting Notice Special Meeting No…,0,,1,t Contact Us District Appeals Process The Chirp District News Enrollment Master Calendar Public Bids Schools of Choice Schools and Services Staff Directory Continuity of Learning Plan Board of Education Public Hearing on Proposed 2025-26 Budget Regular Meeting Notice Special Meet…
Eaton Rapids Public Schools,MI,https://www.erpsk12.org/,30,Minimal Transparency,https://www.erpsk12.org/apps/pages/Board-Members,,https://www.erpsk12.org/apps/staff/,Missing: tech (crawl limited),2,0,,0,,1,ell Teacher Email Colleen Martell Nicholas Price Special Services and Operations Coordinator Email Nicholas Price Christien Rupp Curriculum Director Email Christien Rupp Collin Smith CFO Email Collin Smith Brent Watkins Director of Special Services and Operations Email Brent Watk…,0,,1,ic Schools Main Menu Toggle Home Home About Us Administration District & School Boundaries Map Wall of Fame Bond 2020 Progress Sinking Fund Staff Directory 2025-2026 School Calendar District Calendar Public Bids Board of Education Meeting Updates/Virtual Meetings Agendas Minutes …
Maple Valley Schools,MI,https://mvs.k12.mi.us/,30,Minimal Transparency,,https://mvs.k12.mi.us/departments/technology/,https://mvs.k12.mi.us/district/staff/,Missing: policy (crawl limited),2,0,,0,,1,Counseling Department Elementary Counseling Department Jr./Sr High School Counseling Department Food Service Human Resources Office of the Superintendent Special Education Technology Transportation Athletics Activities Stories Fundraisers Odyssey of the Mind Band Band Boosters 5t…,0,,1,y Asked Questions Legal Notifications Maple Valley Memorial Scholarship Foundation Program Sponsorship Requests for Proposals Safety Drills Staff Directory Strategic Plan Departments Budget & Transparency Counseling Department Elementary Counseling Department Jr./Sr High School C…
Atherton Community Schools,MI,https://www.athertonschools.org/,10,No Public AI Governance Signals,https://www.athertonschools.org/page/board-of-education,,https://www.athertonschools.org/page/staff-links,Missing: tech (crawl limited),1,0,,0,,0,,0,,1,"Minutes Board of Education Committees Board of Education Committee Agendas Board of Education Committee Minutes Mr. Craig Lanter, President Email Mr. Craig Lanter Mrs. Bette Bigsby, Vice President Email Mrs. Bette Bigsby Mrs. Sandra Talbot, Secretary Email Mrs. Sandra Talbot Mrs.…"
Beecher Community School District,MI,https://www.beecherschools.org/,0,No Public AI Governance Signals,,,,"Missing: policy, tech, contact (crawl limited)",0,0,,0,,0,,0,,0,
Grand Blanc Community Schools,MI,https://www.gbcs.org/,30,Minimal Transparency,https://www.gbcs.org/our-district/board-of-education,https://www.gbcs.org/our-district/departments/technology-services/staff-and-student-account-information,https://www.gbcs.org/our-district/departments/technology-services/staff-and-student-account-information,,2,0,,0,,1,ns in new window/tab) District Calendar (opens in new window/tab) District of Choice Information (opens in new window/tab) Staff & Building Directories The Positivity Project P2 Teacher Resources P2 Student Resources P2 Character Strengths Calendar District Calendar GRAND BLANC C…,0,,1,r Parentvue/Synergy (opens in new window/tab) Meal Magic & Schoolpay Legacy Wall (opens in new window/tab) OK2Say (opens in new window/tab) Staff Directory Transportation SUGGESTED SEARCHES Lunch Menus District Calendar Grade Reports Bell Schedule Teachers Academics Athletics Pla…
Houghton-Portage Township Schools,MI,https://www.hpts.us/,30,Minimal Transparency,https://www.hpts.us/docs/Food/Policies/wellness_policy.pdf,,https://www.hpts.us/elementary-staff.php,Missing: tech (crawl limited),2,0,,0,,1,nstruction Meetings & Minutes Michigan Firearms Storage Laws RFPs School of Choice School Safety Drills Snow-Day Information Strategic Plan Superintendent's Message Title IX Training Materials Transportation ELEMENTARY SCHOOL Announcements After-School Program Counseling District…,0,,1,ysical Form Transfer Student Information Schedules Sports Boosters ALUMNI Welcome to the HHSAA HPTS Foundation Membership Projects Reunions CONTACT QUICK LINKS Staff Email Login willSub/PCMI POWERSCHOOL TEACHER SIGN-IN POWERSCHOOL STUDENT AND PARENT SIGN IN HIGH SCHOOL DAILY BULL…
Calumet Laurium Keweenaw Schools,MI,https://www.clkschools.org/,30,Minimal Transparency,https://www.clkschools.org/district-board.php,,https://www.clkschools.org/elementary-staff.php,Missing: tech (crawl limited),2,0,,0,,1,kschools.org District Phone Numbers Athletic Director 906.337.0311 Extension 2204 Athletic & Attendance Office Fax: 337-6275 Transportation Director (please specify that you are with Calumet Schools when calling) 906.523.5424 Extension 11110 Food Services 906.337.0311 Extension 1…,0,,1,HOME Online Card Catalog Virtual Reference Library Great Lakes Digital Library MeL Library Events Mango Newspapers Resources Advisory Board CONTACT COVID-19 QUICK LINKS Skyward Family Access Skyward Student Access Lunch Menus COVID-19 Resources Schoology Parent Access Schoology S…
Escanaba Area Public Schools,MI,https://www.eskymos.com/,30,Minimal Transparency,https://www.eskymos.com/departments/boe,,https://www.eskymos.com/schools/jr-sr/directory,Missing: tech (crawl limited),2,0,,0,,1,ard Members Bylaws & Policies Michigan Association of School Boards Central Office Office of the Superintendent Office of Business Services Director of Special Education Annual Education Reports Title IX Training Materials Budget Transparency Food Service Meal Magic Family Portal…,0,,1,a Jr/Sr High School Edgenuity Login 1:1 Chromebooks 1:1 Chromebook Student & Parent Handbook Securly Home Signup School Info Daily Schedule Staff Directory 1:1 Coodinator Athletic Dept Coaches Health Services Main Office School Resource Officer Student Services Center Support Sta…
Allegan Public Schools,MI,https://alleganps.org/,10,No Public AI Governance Signals,https://alleganps.org/boe/contact/,,https://alleganps.org/boe/contact/,Missing: tech (crawl limited),1,0,,0,,0,,0,,1,Allegan Public Schools – A community where all belong and thrive Skip to content About APS Enroll Calendar Contact Us Schools Allegan High School L.E. White Middle School Dawson Elementary Pine Trails Elementary West Ward Elementary Allegan Online & Adul…
Fennville Public Schools,MI,https://www.fennville.org/,30,Minimal Transparency,https://www.fennville.org/policies,,https://www.fennville.org/link-1/building-contacts,Missing: tech (crawl limited),2,0,,0,,1,"mentary, where their youngest 2 kids attend. Their oldest son is a 2020 FHS graduate. Paul attended the Fire Academy and serves as the Fire Chief of the Fennville Area Fire Department. The close-knit community is one of the things Paul said he loves about Fennville, he stays invo…",0,,1,"request to the Superintendent, the District shall make reasonable accommodation for a person with disabilities to participate in meetings. Contact the Central Office at 269-722-3350 for more information. Meet the Board Manuel Sanchez, President Ross Thiele, Vice President Angie P…"
Hopkins Public Schools,MI,https://www.hpsvikings.org/,30,Minimal Transparency,https://www.hpsvikings.org/our-district/boe/,,https://www.hpsvikings.org/our-district/administration-team/,Missing: tech (crawl limited),2,0,,0,,1,26 Sinking Fund Student Organization Grant Contact Us District Library Catalog Diversity Committee Homeless/MV Resources Job Postings Staff Directory Wise Farm Title IX Departments Business Office Budget and Salary/Compensation Transparency Reporting Food Service Elementary Menus…,0,,1,es PA226 Sinking Fund Student Organization Grant Contact Us District Library Catalog Diversity Committee Homeless/MV Resources Job Postings Staff Directory Wise Farm Title IX Departments Business Office Budget and Salary/Compensation Transparency Reporting Food Service Elementary…
Otsego Public Schools,MI,https://www.otsegops.org/,30,Minimal Transparency,https://www.otsegops.org/privacypolicy,,https://www.otsegops.org/aboutops/staff-directory,Missing: tech (crawl limited),2,0,,0,,1,High School (opens in new window/tab) Utility Links Calendar Parents Newsletters Deposit Lunch Money (opens in new window/tab) Menus Staff Directory BASE Child Care (opens in new window/tab) Infinite Campus Portal (opens in new window/tab) Handbooks Volunteer Opportunities Medica…,0,,1,Home - Otsego Public Schools Skip To Main Content Close Menu Search Clear Search Main Menu ABOUT OPS Enroll at OPS Staff Directory Calendar Employment School Safety Board of Education Superintendent Strategic Plan Annual Reports Transparency Report Legal Notices McKinne…
Plainwell Community Schools,MI,https://www.plainwellschools.org/,0,No Public AI Governance Signals,https://www.plainwellschools.org/page/goals-and-policies,,,"Missing: tech, contact (crawl limited)",0,0,,0,,0,,0,,0,
Wayland Union Schools,MI,https://waylandunion.org/,30,Minimal Transparency,https://waylandunion.org/district/administration/policies/,,https://waylandunion.org/district/administration/policies/,Missing: tech (crawl limited),2,0,,0,,1,Staff Directory Pine Street Student Handbook Student Pick Up/Drop Off Map Title IX Wayland Intermediate PTO Steeby Elementary Steeby Staff Directory Steeby Handbook Title IX Wayland Elementary Parent Association Dorr Elementary Dorr Staff Directory Dorr PTO Dorr Handbook Dorr Int…,0,,1,of Education Board Members Bond 2023 Brand Guide Contact Us District & Building Calendars District News Enrollment McKinney-Vento/Homeless Staff Directory Superintendent's Office Communications Departments Building & Grounds Facility Rental Rates Integrated Pest Management Contro…
Alpena Public Schools,MI,https://www.alpenaschools.com/,30,Minimal Transparency,,,https://www.alpenaschools.com/staff,"Missing: policy, tech (crawl limited)",2,0,,0,,1,Home | Alpena Public Schools Skip to content Alpena Public Schools District Menu Schools Translate Search site Skip Gallery End of Gallery Staff directory for students for parents enrollment employment ParentVUE / StudentVUE Career and Technical Education Reimagine our Future Tog…,0,,1,Home | Alpena Public Schools Skip to content Alpena Public Schools District Menu Schools Translate Search site Skip Gallery End of Gallery Staff directory for students for parents enrollment employment ParentVUE / StudentVUE Career and Technical Education Reimagine our Future Tog…
Delton Kellogg Schools,MI,https://www.dkschools.org/,30,Minimal Transparency,https://www.dkschools.org/page/board-of-education-bylaws-and-policies,https://www.dkschools.org/page/technology-services,https://www.dkschools.org/staff,,2,0,,0,,1,uperintendent Departments Show submenu for Departments Counseling & Guidance Department Finance Food Services Human Resources Media Centers Technology Services Transportation Student Safety Directory Family and Student Resources Show submenu for Family and Student Resources Michi…,0,,1,ents Counseling & Guidance Department Finance Food Services Human Resources Media Centers Technology Services Transportation Student Safety Directory Family and Student Resources Show submenu for Family and Student Resources Michigan Sun Meals Calendar Calendar Curriculum Curricu…
Hastings Area School System,MI,https://www.hassk12.org/,30,Minimal Transparency,,,,"Missing: policy, tech, contact (crawl limited)",2,0,,0,,1,"plan was created based on feedback from stakeholders including parents, families, students, staff, and community members. The Steering Committee included teachers, parents, board members, directors, building administrators, and district administrators. The plan is founded on our …",0,,1,"We are excited to have your family as members of our exemplary school community! If you have questions about our enrollment process, please contact us at: (269) 948-4400 Enrollment Procedures for District Residents You may complete the enrollment form, embedded below, or visit th…"
Standish-Sterling Community Schools,MI,https://www.standish-sterling.org/,10,No Public AI Governance Signals,https://www.standish-sterling.org/o/sscs/page/school-board-policies,,,"Missing: tech, contact (crawl limited)",1,0,,0,,0,,0,,1,-Sterling Central High School Skyward See Something? Say Something. Search site Menu Schools Translate Menu Schools Translate Collapse Menu Contact a Teacher Skip Gallery End of Gallery LUnch Menu Breakfast menu Find Us Standish-Sterling Central High School 2401 Grove Road Standi…
Bangor Township Schools,MI,https://www.bangorschools.org/,30,Minimal Transparency,,,https://www.bangorschools.org/page/staff-services-new,"Missing: policy, tech (crawl limited)",2,0,,0,,1,"children to attend school. BTS provides an excellent education taught by amazing educators, and offers extra-curriculars led by coaches and directors who genuinely care! - Alicea Moll JGHS provided opportunities that allowed me to excel, as long as I worked for it. I knew from a …",0,,1,"ood and Nutrition Student Services Athletics/Recreation Core + Electives Find Us John Glenn High School 3201 Kiesel Road Bay City, MI 48706 Phone: 989-684-7510 Fax: 989-684-1545 School Hours: 7:30 AM - 2:20 PM Schools District John Glenn High School Christa McAuliffe Middle Schoo…"
Essexville-Hampton Public Schools,MI,https://www.e-hps.net/,30,Minimal Transparency,https://www.e-hps.net/page/board-of-education,,https://www.e-hps.net/staff,Missing: tech (crawl limited),2,0,,0,,1,Schools Translate Search site District Information Show submenu for District Information District Information PUBLIC NOTICES Why EHPS Staff Directory Board of Education Board Meetings Forms & Resources Title IX Information Reports & Transparency Request For Proposal Employment Hi…,0,,1,plore Schools Translate Search site District Information Show submenu for District Information District Information PUBLIC NOTICES Why EHPS Staff Directory Board of Education Board Meetings Forms & Resources Title IX Information Reports & Transparency Request For Proposal Employm…
Pinconning Area Schools,MI,https://www.pasd.org/,10,No Public AI Governance Signals,,,,"Missing: policy, tech, contact (crawl limited)",1,0,,0,,0,,0,,1,"te Sign in Menu Schools Translate Sign in Skip Gallery End of Gallery Find Us Pinconning Area Schools 605 W. Fifth St. Pinconning, MI 48650 Phone: 989-308-0500 Fax: 989-879-4705 Office Hours Monday - 8:00am - 4:00pm Tuesday - 8:00am - 4:00pm Wednesday - 8:00am - 4:00pm Thursday -…"
Brandywine Community Schools,MI,https://www.brandywinebobcats.org/,10,No Public AI Governance Signals,,,,"Missing: policy, tech, contact (crawl limited)",1,0,,0,,0,,0,,1,"ce Read more programs Clubs & Activities Program of Studies Fine Arts CTE Brandywine Community Schools 1830 S. THIRD STREET Niles, MI 49120 Phone: (269) 684-7150 Schools Brandywine Community Schools Merritt Elementary Brandywine Elementary Brandywine Middle/High School Brandywine…"
Bridgman Public Schools,MI,https://www.bridgmanschools.com/,30,Minimal Transparency,https://www.bridgmanschools.com/privacy-policy,,https://www.bridgmanschools.com/staff/staff-directory,Missing: tech (crawl limited),2,0,,0,,1,"e to reach out to us. Shane M. Peters, Superintendent Headlines & Features Superintendent Search (opens in new window/tab) Learn More about Superintendent Search (opens in new window/tab) Volunteer Opportunities! (opens in new window/tab) Click here to start the volunteer screeni…",0,,1,ency Reporting Accessibility Logo Image Logo Title Bridgman Public Schools 9964 Gast Rd Bridgman MI 49106 (269) 465-5432 Calendar Faculty & Staff Directory Lunch Menu PowerSchool Canvas Athletics Supply Lists Transportation Contact Us There are no resources or collections to disp…
Coloma Community Schools,MI,https://www.ccs.coloma.org/,30,Minimal Transparency,,,https://www.ccs.coloma.org/apps/contact/,"Missing: policy, tech (crawl limited)",2,0,,0,,1,cations Budget Transparency Board of Education Coloma Virtual Pathway Contact Us Directions Public Concern Procedures School Calendar Staff Directory Superintendent Title IX/Civil Rights/504 Compliance Schools Coloma High School Coloma Junior High Coloma Intermediate Coloma Eleme…,0,,1,Notifications Budget Transparency Board of Education Coloma Virtual Pathway Contact Us Directions Public Concern Procedures School Calendar Staff Directory Superintendent Title IX/Civil Rights/504 Compliance Schools Coloma High School Coloma Junior High Coloma Intermediate Coloma…
Lakeshore Public Schools,MI,https://www.lakeshoreschools.k12.mi.us/,30,Minimal Transparency,https://www.lakeshoreschools.k12.mi.us/page/board-of-education,https://www.lakeshoreschools.k12.mi.us/page/technology-department,,Missing: contact (crawl limited),2,0,,0,,1,Calendar Vector Training K-12 Annuities Annual Retirement Benefits Guide - TSA Wonders Padlet Time Sheet 1095B/1095C More Show submenu for Technology Department Staff Mr. Chris Quartermaine Technology Director 269-428-1400 ext. 2053 Mr. Brian Ames Technician Mr. David Barze Techn…,0,,1,"r district, by completing the online enrollment documents, and following the instructions for submission. If you have any questions, please contact us at 269-428-1400 or registrar@lpslancer.net . We LOVE to show families why it is great to be a Lakeshore Lancer! If you are intere…"
Niles Community Schools,MI,https://nilesschools.org/,30,Minimal Transparency,https://nilesschools.org/ncs/about-ncs/schools/ballard-elementary-school/district/anti-harassment-policy/,,https://nilesschools.org/ncs/about-ncs/annual-reports-notices/ferpa-annual-notification-of-rights-and-designation-of-directory-information/,Missing: tech (crawl limited),2,0,,0,,1,t Anti-Harassment/Non-Discrimination Compliance Officers Curriculum Finance Personnel Operations Special Education Services Student Affairs Coordinator Technology Title IX Coordinator and Decision Maker District Services Food Service-Chartwells Breakfast Availability Negative Bal…,0,,1,"Niles Virtual School WAY Adult Education Northside Child Development Center Ring Lardner Middle School Southside School Forms Enroll Today Contact Info 269-683-0732 | 1 Tyler Street, Niles, MI 49120 What Are You Looking For? Search Viking Pride Dynamic Learners. Diverse Opportuni…"
Bronson Community Schools,MI,https://www.bronsonschools.org/,30,Minimal Transparency,,,https://www.bronsonschools.org/o/bcs/page/bcs-staff-resources,"Missing: policy, tech (crawl limited)",2,0,,0,,1,"chools Translate Sign in Menu Schools Translate Sign in Skip Gallery End of Gallery athletics Events Employment Opportunities Skyward Staff directory BRONSON 2025 BOND PROJECT Find Us Bronson Community Schools 501 E Chicago Street Bronson, MI 49028 Phone: 517-369-3260 #GDTBABV Gr…",0,,1,"Menu Schools Translate Sign in Menu Schools Translate Sign in Skip Gallery End of Gallery athletics Events Employment Opportunities Skyward Staff directory BRONSON 2025 BOND PROJECT Find Us Bronson Community Schools 501 E Chicago Street Bronson, MI 49028 Phone: 517-369-3260 #GDTB…"
Coldwater Community Schools,MI,https://www.coldwaterschools.org/,30,Minimal Transparency,https://www.coldwaterschools.org/page/accessibility-policy,,https://www.coldwaterschools.org/staff,Missing: tech (crawl limited),2,0,,0,,1,investigation of the complaint shall be completed within fifteen (15) working days. Extension of the time line may only be approved by the Superintendent. The investigator shall prepare a written report of the findings and conclusions within five (5) working days of the completio…,0,,1,Translate About Us Show submenu for About Us About Us School Hours 2025-26 District Calendar 2025-26 District Calendar (Accessible Version) Staff Directory District Map District History Show submenu for District History Graduates From Coldwater High School Points Of Pride Reports…
Quincy Community Schools,MI,https://www.quincyschools.org/,10,No Public AI Governance Signals,https://www.quincyschools.org/page/board-of-education,,https://www.quincyschools.org/staff,Missing: tech (crawl limited),1,0,,0,,0,,0,,1,xplore Schools Translate About Show submenu for About About Official Public Notices and Documents USDA Nondiscrimination Statement Employee Directory Board of Education Board of Education District Calendar District Calendar Employment Employment Parent Resources Show submenu for …
Crawford AuSable School District,MI,https://www.casdk12.net/,10,No Public AI Governance Signals,https://www.casdk12.net/o/casd/page/community-bulletin-board,,,"Missing: tech, contact (crawl limited)",1,0,,0,,0,,0,,1,"t Enrollment Job Opportunities Food Service Community Bulletin Board Find Us Grayling High School 1135 North Old U.S. 27 Grayling, MI 49738 Phone: 989-344-3508 Schools Crawford AuSable School District Grayling High School Grayling Middle School Grayling Elementary Great Lakes Onl…"
West Branch-Rose City Area Schools,MI,https://www.wbrc.k12.mi.us/,30,Minimal Transparency,https://www.wbrc.k12.mi.us/Core/Guests/Logon?ReturnUrl=%2Femployee-portal%2Fnon-discrimination-policies%2F,,https://www.wbrc.k12.mi.us/our-schools/ogemaw-heights-high-school/ohhs-staff-directory/,Missing: tech (crawl limited),2,0,,0,,1,Access Acceptable Web Sites Helpful Forms OK to Say Volunteers Enrollment Our Schools Ogemaw Heights HS OHHS Student/Parent Resources Staff Directory Library Rose City School RCS Student/Parent Resources Staff Directory Library Surline Elementary School SES Student/Parent Resourc…,0,,1,amily Access Acceptable Web Sites Helpful Forms OK to Say Volunteers Enrollment Our Schools Ogemaw Heights HS OHHS Student/Parent Resources Staff Directory Library Rose City School RCS Student/Parent Resources Staff Directory Library Surline Elementary School SES Student/Parent R…
Fairview Area Schools,MI,https://www.fask12.org/,30,Minimal Transparency,https://www.fask12.org/regular-meetings-fairview-area-school-board-of-education/,https://www.fask12.org/departments/technology/,https://www.fask12.org/staff-resources/,,2,0,,0,,1,s Board of Education Regular Meeting Dates 2025-2026 School Calendar Calendar of Events Lunch Schedule Athletics Schedule Departments Staff Directory Board of Education Food Services Music / Choir Technology Eagle’s Nest Preschool Resources Staff Resources Student Support Handboo…,0,,1,lendars Board of Education Regular Meeting Dates 2025-2026 School Calendar Calendar of Events Lunch Schedule Athletics Schedule Departments Staff Directory Board of Education Food Services Music / Choir Technology Eagle’s Nest Preschool Resources Staff Resources Student Support H…
Houghton Lake Community Schools,MI,https://www.hlcsk12.net/,30,Minimal Transparency,,,https://www.hlcsk12.net/staff,"Missing: policy, tech (crawl limited)",2,0,,0,,1,Home | Houghton Lake Community Schools Skip to content District Home Staff Directory Search site Houghton Lake Community Schools Go Bobcats! District Home Staff Directory Search site Menu Schools Translate Sign in Menu Schools Translate Sign in Skip Gallery E…,0,,1,Home | Houghton Lake Community Schools Skip to content District Home Staff Directory Search site Houghton Lake Community Schools Go Bobcats! District Home Staff Directory Search site Menu Schools Translate Sign in Menu Schoo…
Battle Creek Public Schools,MI,https://www.battlecreekpublicschools.org/,30,Minimal Transparency,https://www.battlecreekpublicschools.org/about/privacy-policy,,https://www.battlecreekpublicschools.org/about/contact,Missing: tech (crawl limited),2,0,,0,,1,Education Business and Operations Careers Community Engagement Contact COVID-19 Data and Reporting News Parent Support Privacy Policy Staff Directory Title IX Programs Show children BCPS Summer Programs Bearcats Beyond The Bell Alumni Athletics BCCHS Hall of Fame BCPS Education F…,0,,1,rd of Education Business and Operations Careers Community Engagement Contact COVID-19 Data and Reporting News Parent Support Privacy Policy Staff Directory Title IX Programs Show children BCPS Summer Programs Bearcats Beyond The Bell Alumni Athletics BCCHS Hall of Fame BCPS Educa…
Harper Creek Community Schools,MI,https://www.harpercreek.net/,30,Minimal Transparency,https://www.harpercreek.net/board-of-education/,,https://www.harpercreek.net/our-district/alumni/class-contact-information/,Missing: tech (crawl limited),2,0,,0,,1,"Events High School Choir Concert High School Auditorium Thursday, February 26, 2026 7:00 pm 27 28 More Events News & Announcements Meet the Superintendent Subscribe to RSS Feed It's Time for Countdown to DK/Kindergarten 2026 February 19, 2026 Welcome to Harper Creek Community Sch…",0,,1,nnual Education Reports Annual Notices Distinguished Alumni & Citizen District News Drills & Incidents FOIA Guidelines Harper Creek History Staff Directory Student Registration & Enrollment Student Survey Questions and Results Title IX Transparency Reporting Departments Curriculu…
Homer Community Schools,MI,https://www.homerweb.org/,0,No Public AI Governance Signals,,,,"Missing: policy, tech, contact (crawl limited)",0,0,,0,,0,,0,,0,
Marshall Public Schools,MI,https://www.marshallpublicschools.org/,75,Emerging Governance,https://www.marshallpublicschools.org/departments/technology/privacy-policy,https://www.marshallpublicschools.org/departments/technology/privacy-policy,https://www.marshallpublicschools.org/district/administration-team,,4,1,m & Instruction K Round Up Special Education Library Links Elementary Technology English Language Learners Back to School Title Information AI Task Force FAME Explicit Instruction Team In This Section Privacy Policy Marshall Public Schools 100 E. Green St. Marshall MI 49068 Phone…,0,,1,rch Clear Search District Superintendent Board of Education Administration Team Central Office District Calendar Strategic Plan Our Mission Directory Enrollment Information Title IX Alumni AERs Report It Virtual Suggestion Box FOIA Contact Us Emergency Contacts (opens in new wind…,1,m & Instruction K Round Up Special Education Library Links Elementary Technology English Language Learners Back to School Title Information AI Task Force FAME Explicit Instruction Team In This Section Privacy Policy Marshall Public Schools 100 E. Green St. Marshall MI 49068 Phone…,1,"AWK ATHLETICS Go Redhawks! Learn More BOARD OF EDUCATION MEETING AGENDAS, MINUTES, BOARD MEMBER CONTACTS, ETC. CAN BE FOUND HERE Learn More STAFF DIRECTORY ACCESS OUR ONLINE STAFF DIRECTORY View Directory DISTRICT CALENDAR Click below for the 2025-2026 school year calendar. View …"
Pennfield Schools,MI,https://www.pennfield.net/,10,No Public AI Governance Signals,,,,"Missing: policy, tech, contact (crawl limited)",1,0,,0,,0,,0,,1,"ery Welcome to Pennfield Welcome to Pennfield We can't wait to show you how we #LearnGrowLead every day. End of Gallery Athletics Calendars directory Enrollment menus Newsletter employment Find Us Pennfield Schools 8587 Pennfield Road Battle Creek, MI 49017 Phone: (269) 961-9781 …"
Olivet Community Schools,MI,https://www.olivetschools.org/,30,Minimal Transparency,https://www.olivetschools.org/page/board-of-education,,https://www.olivetschools.org/staff?filter_ids=162532,Missing: tech (crawl limited),2,0,,0,,1,"l High School Skyward Access 25-26 School Calendar Menus Departments Athletics Curriculum & Instruction Facility Use Fine Arts Food Service Superintendent's Office Technology Transportation Find Us Olivet Community Schools 255 First Street Olivet, MI 49076 District Phone Numbers …",0,,1,rral Form FPE Links Calendar/Start Times Child Care Counselor's Corner Food Service/Menus Little Eagle Principal's Page PTO Read To Succeed Staff Directory Student Handbook Transportation Record of Safety Drills Olivet Child Care & Inclement Weather Olivet Child Care is available…
Beaver Island Community School,MI,https://www.beaverisland.k12.mi.us/,30,Minimal Transparency,,,,"Missing: policy, tech, contact (crawl limited)",2,0,,0,,1,"tal AER Report Transparency Report Service Desk Bi Fit Employment HD of NW MI Beaver Island Community School Welcome I am honored to be the Superintendent-Principal of Beaver Island Community School. The Pre-K through 12th-grade nature of this school, the quality teachers, the am…",0,,1,"botics Student Council Sports National Honor Society Find Us Beaver Island Community School 37895 Kings Hwy Beaver Island, MI 49782 Number: Phone: (231) 448-2744 Fax: Fax: (231) 448-2919 Copyright © 2026 Beaver Island Community School. All rights reserved. Powered By Apptegy Visi…"
Boyne City Public Schools,MI,https://www.boyne.k12.mi.us/,10,No Public AI Governance Signals,,,,"Missing: policy, tech, contact (crawl limited)",1,0,,0,,0,,0,,1,"bler athletics Report an issue RSN Live Events District calendars Find Us Boyne City Public Schools 321 South Park St. Boyne City, MI 49712 Phone: 231-439-8190 Fax: 231-439-8195 Schools Boyne City Public Schools Boyne City Elementary School Boyne City Middle School Boyne City Hig…"
Pellston Public Schools,MI,https://www.pellstonschools.org/,30,Minimal Transparency,https://www.pellstonschools.org/boe.html,,,"Missing: tech, contact (crawl limited)",2,0,,0,,1,ffice Request for Proposals (RFP) Board of Education Parents/Students District Newsletter Teacher Evaluation Tool Principal Evaluation Tool Superintendent Evaluation Tool Employment Opportunities Schools High/Middle School Elementary School Educational Guidance It Work Order Staf…,0,,1,"your support for Pellston by buying Pellston apparel! CLICK HERE Click for our Latest Job Postings Address: 172 Park St. Pellston, MI 49769 Contact Our School Superintendent's Office: Ph: 231-539-8421 Fx: 231-539-8118 Middle School High School: Ph: 231-539-8801 Fx: 231-539-8110 /…"
Public Schools of Petoskey,MI,https://www.petoskeyschools.org/,30,Minimal Transparency,,https://www.petoskeyschools.org/departments/technology/,https://www.petoskeyschools.org/district/contact-your-legislators/,Missing: policy (crawl limited),2,0,,0,,1,trict Logos Spitler Administration Staff FOIA Guidelines Full Value Agreement Non-Discrimination Information Safe Storage Law Safety Drills Superintendent's Welcome Website Accessibility Departments Business Office Health Care Benefits Plans Request for Proposals Curriculum Custo…,0,,1,School Data Visit Our Dashboard Previous Next Pause Play Gallery Permalink Calendar Calendar Link Food Service More... Powerschool More... Staff Directory More... Schoology More... Tech Help More... About Us Tools What is the Full Value Agreement? Attendance 231-348-2105 High Sch…
Cheboygan Area Schools,MI,https://www.chebschools.org/,30,Minimal Transparency,https://www.chebschools.org/page/board-of-education-committees,,https://www.chebschools.org/staff,Missing: tech (crawl limited),2,0,,0,,1,plore Schools Translate Search site Sign in About CAS Show submenu for About CAS About CAS Latest News CAS Mission CAS Strategic Plan Staff Directory Facility Planning Show submenu for Facility Planning Facility Planning Referendum 2024 School Demographics Annual Notices Annual E…,0,,1,ore Explore Schools Translate Search site Sign in About CAS Show submenu for About CAS About CAS Latest News CAS Mission CAS Strategic Plan Staff Directory Facility Planning Show submenu for Facility Planning Facility Planning Referendum 2024 School Demographics Annual Notices An…
Ovid-Elsie Area Schools,MI,https://www.ovidelsie.org/,10,No Public AI Governance Signals,https://www.ovidelsie.org/page/policies-procedures,,https://www.ovidelsie.org/page/contact-location,Missing: tech (crawl limited),1,0,,0,,0,,0,,1,"d of Gallery O-E Online WOES OETV update Find Us Ovid-Elsie Area Schools 8989 E. Colony Rd. Elsie, MI 48831 p: 989-834-2271 f: 989-862-5887 Staff Directory Attendance Lines Mission: Students First! Vision: Ovid-Elsie Area Schools will foster a caring educational community that wi…"
Pewamo-Westphalia Community Schools,MI,https://www.pwschools.org/,30,Minimal Transparency,https://www.pwschools.org/our-district/board-of-education/school-policies/,https://www.pwschools.org/our-district/departments/technology-news-and-policies/,https://www.pwschools.org/our-district/district-office-staff/,,2,0,,0,,1,"ntact Us District Office 5101 Clintonia Rd. Westphalia , MI 48894 p: (989) 587-5100 f: (989) 587-5120 Dick Dunham Send email to Dick Dunham Superintendent (989) 587-5100 Dustin Smith Send email to Dustin Smith Business Manager 989-587-5100, ext. 4932 Katy Gilliland Send email to …",0,,1,omeless Information SPED/ ELL /504 Facility Request Volunteer In Our District Title IX Bullying Policy Reporting Bullying FERPA Information Contact Us Elementary School Elementary Staff Annual Education Report Counselor/Social Worker BK/Kindergarten Pre-Registration Elementary Sc…
Grand Ledge Public Schools,MI,https://www.glcomets.net/,30,Minimal Transparency,https://www.glcomets.net/boardofeducation/anti-bullying-policy/,,https://www.glcomets.net/ourdistrict/administrativedepartments/humanresources/edustaff-sub-at-glps/,Missing: tech (crawl limited),2,0,,0,,1,"ketball 4th-8th Grade Daddy Daughter Dance Community Track Access Hall of Fame News Bond Projects Community Track Access The ""Insider"" News Superintendent's Messages Upcoming Events, District News, & Community Information International Night Family & Student Resources Aquatics Pr…",0,,1,"ct Calendar Diversity, Equity, & Inclusion Comets Welcome All Dogs - GLPS Facility Dog Program Food Service Freedom of Information Requests Staff Directory Student & School Safety Superintendent Transportation Department Our Schools Delta Mills Early Childhood Center Great Start …"
Bendle Public Schools,MI,https://www.bendleschools.org/,30,Minimal Transparency,,,https://www.bendleschools.org/district/directories/district_directory,"Missing: policy, tech (crawl limited)",2,0,,0,,1,"d More about Genesee County Food Pantries Bendle Food Service Staff Win Awards Updated on 11/03/2025 Congratulations to Bendle Food Service Director, Dawn Pully, and Bendle High School Kitchen Manager, Shelly Swann on being selected for SNAM Awards. Read More about Bendle Food Se…",0,,1,ng Schedule Bendle Board of Education Policy Bendle Bugle Calendar School Calendar 2025/2026 Code of Conduct Directories District Directory Staff Directory District Notices Early Childhood Job Openings Points of Pride Schools of Choice Enrollment News What's New Michigan Secure -…
Carman-Ainsworth Community Schools,MI,https://www.carman.k12.mi.us/,30,Minimal Transparency,https://www.carman.k12.mi.us/departments/departments/board-policies,https://www.carman.k12.mi.us/technology/staff-resources,https://www.carman.k12.mi.us/technology/staff-resources,,2,0,,0,,1,f Contact Information Learning Disability Criteria Special Education Resources Child Find Programs and Services Casault & Florida Resources Superintendent of Schools Transportation Central Office Title IX Coordinators Technology Department (opens in new window/tab) Maintenance & …,0,,1,an Resources Employment Opportunities Substitutes Needed Work-Related Injuries Records & Transcripts-Student Student Support Services Staff Contact Information Learning Disability Criteria Special Education Resources Child Find Programs and Services Casault & Florida Resources Su…
Byron Center Public Schools,MI,https://www.bcpsk12.net/,30,Minimal Transparency,https://www.bcpsk12.net/district/board-of-education/boe-contract/,,https://www.bcpsk12.net/district/staff-directory/,Missing: tech (crawl limited),2,0,,0,,1,nnouncements & Alerts skip to Content skip to Navigation Search Form Quick Search: Search Main Menu District Board of Education BOE Contact Superintendent's Office Human Resources Title IX Staff Directory Finance & Operations Transparency Report Request For Proposals (RFPs) Asset…,0,,1,igation Search Form Quick Search: Search Main Menu District Board of Education BOE Contact Superintendent's Office Human Resources Title IX Staff Directory Finance & Operations Transparency Report Request For Proposals (RFPs) Assets for Sale Nutrition Services Menus Teaching & Le…
Cedar Springs Public Schools,MI,https://www.csredhawks.org/,30,Minimal Transparency,https://www.csredhawks.org/privacy-policy,,https://www.csredhawks.org/our-district/staff-directory,Missing: tech (crawl limited),2,0,,0,,1,afety and Security District Newsletters Freedom Information Act Handbooks Kent ISD Regional Enhancement Millage Proposal Map and Directions Superintendent's Update Title IX Cedar Springs Public Schools Staff Directory Academic Services Academic Enhancements Michigan Seal of Bilit…,0,,1,t Handbooks Kent ISD Regional Enhancement Millage Proposal Map and Directions Superintendent's Update Title IX Cedar Springs Public Schools Staff Directory Academic Services Academic Enhancements Michigan Seal of Biliteracy FFA Fine Arts Gifted and Talented Assessments Annual Edu…
East Grand Rapids Public Schools,MI,https://www.egrps.org/,30,Minimal Transparency,https://www.egrps.org/non-discrimination-policy213,,https://www.egrps.org/district-information/directory,Missing: tech (crawl limited),2,0,,0,,1,St. SE Grand Rapids MI 49506 1-616-235-3535 1-616-235-3256 Quicklinks Calendar Non-Discrimination Policy Employment Transparency Reporting Directory Connect With Us Instagram (opens in new window/tab) Facebook (opens in new window/tab) Twitter (opens in new window/tab) Web Access…,0,,1,"ecurity This website takes every precaution to protect our users' personal information. Whenever users submit personal information (such as contact info or credit card info) via online forms, registration, or online purchase, upon submission that information is encrypted via the …"
Forest Hills Public Schools,MI,https://www.fhps.net/,30,Minimal Transparency,,https://www.fhps.net/departments/technology/,https://www.fhps.net/district/contact-us/,Missing: policy (crawl limited),2,0,,0,,1,"y questions about the Parent Portal access or need technical support, please email parentportal@fhps.net Contact Technology To Be Announced Director of Technology Staff Only: Submit a Web Help Desk ticket Footer Contact the District Forest Hills Public Schools 620 Forest Hill Ave…",0,,1,to footer Enrollment Careers Quicklinks Calendars Canvas Child Care Community Enrichment Food Service PowerSchool Technology Transportation Contact Us Translate Search this website … Our Schools Ada Elementary Ada Vista Elementary School Central High School Central Middle School …
Godwin Heights Public Schools,MI,https://www.godwinschools.org/,30,Minimal Transparency,,,https://www.godwinschools.org/apps/contact/,"Missing: policy, tech (crawl limited)",2,0,,0,,1,"ofile for Healthy Youth Survey Athletics & Arts Athletics Athletic Code of Conduct Eligibility Guide Title IX 2025 Bond Staff Contact Staff Directory Contact Please verify your identity Sorry, your authentication failed! Please try again. We are only accepting secure messages at …",0,,1,gan Profile for Healthy Youth Survey Athletics & Arts Athletics Athletic Code of Conduct Eligibility Guide Title IX 2025 Bond Staff Contact Staff Directory Godwin Heights Public Schools Home HOME OF THE FIGHTING WOLVERINES Homepage Links Enrollment ParentVue/StudentVue 2025-2026 …
Grand Rapids Public Schools,MI,https://grps.org/,30,Minimal Transparency,https://grps.org/our-district/board-of-education/board-policies/,https://grps.org/departments/technology/,https://grps.org/staff-directory/,,2,0,,0,,1,nguages Spoken by GRPS Families 80+ Countries Represented by our Scholar Population Grad Rates Increase Annually 40+ Schools A Message from Superintendent Dr. Leadriane Roby It is an honor and privilege to serve as the Superintendent of Grand Rapids Public Schools. As a diverse c…,0,,1,n Reimagine Transportation Frequently Asked Transportation Questions Transportation Technology FAQ District Resources Immigration Resources Staff Directory Attendance Area Finder Schools Elementary Aberdeen Academy Brookside Elementary Buchanan Elementary Burton Elementary CA Fro…
Grandville Public Schools,MI,https://www.gpsbulldogs.org/,30,Minimal Transparency,https://www.gpsbulldogs.org/apps/pages/policies,,https://www.gpsbulldogs.org/apps/pages/StaffDirectory,Missing: tech (crawl limited),2,0,,0,,1,"ce Human Resources IMAGE Gifted Education Maintenance Multilingual Learners Nursing Services Preschool Safety and Security Student Services Superintendent Technology Web, Social & Print Communications Departments Providing everything from meals to nursing, our departments serve s…",0,,1,"thletics Showcase Athletics Grandville ranks in the Top 50 Best School Districts for Athletes in Michigan (Niche, 2022). Contact Contact Us Staff Directory Map to Schools Contact Our teachers & staff are here to help. Header Links Enroll at GPS PowerSchool Calendar Search Search …"
Kentwood Public Schools,MI,https://www.kentwoodps.org/,30,Minimal Transparency,https://www.kentwoodps.org/ourdistrict/boardofeducation/boeschedule/,,https://www.kentwoodps.org/ourdistrict/staff/,Missing: tech (crawl limited),2,0,,0,,1,od Public Schools Educational Foundation Booster Programs Kentwood Alumni & Friends Volunteers KPS Community Resources McKinney-Vento Staff Directory Excellence and Equity in Education District Home Our District Staff Directory Staff Directory Search Filters Name Building (All Bu…,0,,1,rts Board of Education BOE Schedule BOE Members BOE Minutes and Agendas BOE Bylaws and Policies KPS Wellness Policy Superintendent's Office Staff Directory Enrollment Online Registration Schools of Choice Changes to Elementary Student Assigned Schools 2025-26 Title IX Discriminat…
Rockford Public Schools,MI,https://www.rockfordschools.org/,30,Minimal Transparency,https://www.rockfordschools.org/downloads/childcare/school-age-childcare-policy-parent-handbook.pdf,,https://www.rockfordschools.org/Core/Guests/Logon?ReturnUrl=%2Fstaff-intranet%2F,Missing: tech (crawl limited),2,0,,0,,1,"o RSS Feed for News Headlines 2/15/2026 Rams News and Views 44 Topic: Artificial intelligence and its impact on schools with Maggie Thelen, Director of Mathematics, Innovation and Accountability, Andrew Abissi, Computer science teacher at Rockford High School and Noah Schrotenboe…",0,,1,"ease be aware that our efforts are ongoing, but should you experience any difficulty in accessing the Board of Education Meeting Documents, contact: jnester@rockfordschools.org. February 9, 2026 February 9, 2026 Board Meeting 2/9/2026 Meeting Agenda 2/9/2026 Meeting Packet 2/9/20…"
Comstock Park Public Schools,MI,https://www.cppschools.com/,30,Minimal Transparency,https://www.cppschools.com/district/board-of-education/,https://www.cppschools.com/district/departments/technology/,https://www.cppschools.com/district/staff-directory/,,2,0,,0,,1,nd Performing Arts Safety and Security Calendar Enrollment Facility Use and Rentals Families in Transition Freedom of Information Act Staff Directory Safety Drills Staff Links Staff Intranet Student Technology Links Schools Comstock Park High School About CPHS CPHS Counseling Dep…,0,,1,sual and Performing Arts Safety and Security Calendar Enrollment Facility Use and Rentals Families in Transition Freedom of Information Act Staff Directory Safety Drills Staff Links Staff Intranet Student Technology Links Schools Comstock Park High School About CPHS CPHS Counseli…
Caledonia Community Schools,MI,https://www.calschools.org/,30,Minimal Transparency,https://www.calschools.org/our-district/board-of-education/,,https://www.calschools.org/our-district/staff-appreciation/,Missing: tech (crawl limited),2,0,,0,,1,Plan Departments Business Services Communications Food Service Human Resources McKinney Vento/Families in Need Operations Special Programs Superintendent's Office Teaching & Learning Technology Transportation Enrollment Preschool Enrollment School Age Enrollment CCS Early Learnin…,0,,1,Advanced & Specialized Programs Class Pages College & Career Readiness Curriculum Guide Forms Mental Health Post Secondary Transcripts CHS Staff Directory CHS News Center Duncan Lake Middle For Parents Attendance Calendars/Schedules Clubs Emergency/Weather Notifications Food Serv…
Godfrey-Lee Public Schools,MI,https://www.godfrey-lee.org/,30,Minimal Transparency,https://www.godfrey-lee.org/our-district/board-of-education/,,https://www.godfrey-lee.org/schools/early-childhood-center/staff-directory/,Missing: tech (crawl limited),2,0,,0,,1,rents Athletics Staff Directory Lee High School Academics Students Parents Athletics Staff Directory East Lee Campus Students Parents Staff Directory Enrollment Students Technology Support Google Classroom Library Services PowerSchool Student Portal Legends Launch Pad Departments…,0,,1,OIA) Title IX Information State Virtual Course Catalog Strategic Plan District History About Us District Map Schools Early Childhood Center Staff Directory Parent & Student Resources Library Media Center Godfrey Elementary Staff Directory Parent & Student Resources Library Media …
Kenowa Hills Public Schools,MI,https://khps.org/,30,Minimal Transparency,https://khps.org/board-of-education,,https://khps.org/staff?n=lastName&s=asc,Missing: tech (crawl limited),2,0,,0,,1,"3 Contact Secretary Voss, Jim High School 616.784.2400 Ext: 8292 Contact History Teacher Webb, Rick District 616.965.4023 Ext: 2217 Contact Director of Information Technology Weeks, Kendra Middle/High School 616.785.3225 Contact Social Studies/Humanities Wentland, Lisa Central 61…",0,,1,"OUR CALL 616-784-2511 OPT. 2 © 2025 Kenowa Hills Public Schools All Rights Reserved 2325 4 Mile Rd NW Grand Rapids, MI 49544 (616) 784-2511 Staff Directory | Kenowa Hills Public Schools (616)784-2511 Search Transparency Report Canvas Student Login Parent Login Home of the Knights…"
Kent City Community Schools,MI,https://www.kentcityschools.org/,30,Minimal Transparency,https://www.kentcityschools.org/district/board-of-education/,,https://www.kentcityschools.org/district/staff-directory/,Missing: tech (crawl limited),2,0,,0,,1,ormation Act Non-Discrimination & Accessibility Title IX Multi-Tiered System of Supports School Wellness When to Keep Your Child Home Staff Directory Search Title IX and FOIA Transportation Student Services English Language Learners Homeless Student Services Kent City Bands and C…,0,,1,of Information Act Non-Discrimination & Accessibility Title IX Multi-Tiered System of Supports School Wellness When to Keep Your Child Home Staff Directory Search Title IX and FOIA Transportation Student Services English Language Learners Homeless Student Services Kent City Bands…
Lowell Area Schools,MI,https://www.lowellschools.com/,30,Minimal Transparency,https://www.lowellschools.com/our-district/board-of-education/,,https://www.lowellschools.com/our-district/contact-us/,Missing: tech (crawl limited),2,0,,0,,1,oard of Education District Calendar Community Contact Us Departments Directions Newsletter Facility Use Request Lowell Education Foundation Superintendent Wittenbach Center Preschool Elementary Schools Alto Elementary Bushnell Elementary Cherry Creek Elementary Murray Lake Elemen…,0,,1,"s Network Good things happening at Lowell Area Schools Read More Athletics More... Enrollment More... Infinite Campus More... Menus More... Staff Directory More... Transportation More... Lowell Area Schools 300 High Street Lowell , MI 49331 Phone: (616) 987-2500 Fax: (616) 987-25…"
Northview Public Schools,MI,https://www.nvps.net/,75,Emerging Governance,https://www.nvps.net/district/transparency/wellness-policy,,https://www.nvps.net/district/contact-us,Missing: tech (crawl limited),4,1,"ommunication 1/19/26 (opens in new window/tab) Family Communication 1/12/26 Jan 12 2026 An important message from the Superintendent, Board Policies regarding Student AI usage, ICE Protocol, Dynamic Duo Dance and more. Read More about Family Communication 1/12/26 Family Communica…",0,,1,"or partnering with us to help our students thrive! < > Welcome to Northview Public Schools About Us Welcome to Northview Public Schools! As Superintendent, I am incredibly proud of the vibrant and positive culture that defines our district. Our dedicated staff are truly the heart…",1,"mily Communication 1/19/26 (opens in new window/tab) Family Communication 1/12/26 Jan 12 2026 An important message from the Superintendent, Board Policies regarding Student AI usage, ICE Protocol, Dynamic Duo Dance and more. Read More about Family Communication 1/12/26 Family Com…",1,u Search Clear Search Our District About Board of Education Contact Us Employment Enrollment K-12 Enrollment Schools of Choice Field School Staff Directory Transparency Transparency Reporting Civil Rights Compliance District Annual Report Freedom of Information Act May 2025 Bond …
Wyoming Public Schools,MI,https://wyomingps.org/,30,Minimal Transparency,https://wyomingps.org/district/board-of-education/,https://wyomingps.org/district/technology/,https://wyomingps.org/district/wps-staff/,,2,0,,0,,1,ice Transparency Reporting Human Resources District Nurse Food Service Transportation & Maintenance Report Suspected Fraud Student Services Superintendent's Office Technology WPS Organizational Chart Safety & Security WPS Staff News Calendar Resources Free Internet for Home Facil…,0,,1,Scholar Work Permits Volunteer Application Wolf Den Wyoming Theater Company Athletics Programs English Learner Middle College Volunteering Contact Us Schools Early Childhood Wyoming Early Childhood Center Elementary Gladiola Elementary Oriole Park Elementary Parkview Elementary W…
Armada Area Schools,MI,https://www.armadaschools.org/,30,Minimal Transparency,https://www.armadaschools.org/our-district/nondiscriminationpolicies/,,https://www.armadaschools.org/our-district/points-of-pride/award-winning-staff/,Missing: tech (crawl limited),2,0,,0,,1,mocratic society Our District Annual Education Report Board of Education Meeting Schedule Board Minutes Board Policies Employment Our Community Points of Pride Registration Schools Of Choice Staff Directory Staff Resources Superintendent of Schools Teacher Evaluation Transparency…,0,,1,munity Enrichment Program Points of Pride Award Winning Staff Award Winning Programs Student Accomplishments Registration Schools Of Choice Staff Directory Staff Resources School Messenger Superintendent of Schools Teacher Evaluation Transparency Reporting 2023 Bond and Sinking F…
Chippewa Valley Schools,MI,https://www.chippewavalleyschools.org/,30,Minimal Transparency,https://www.chippewavalleyschools.org/departments/humanresources/nondiscrimination-policy/,,https://www.chippewavalleyschools.org/for-parents/student-directory-information/,Missing: tech (crawl limited),2,0,,0,,1,"s of any of the above stated reasons, you may make a claim that your rights have been denied. This claim or complaint may be filed with the Director of Human Resources (Title IX/Civil Rights Coordinator) ablanchard@cvs.k12.mi.us or the Director of Special Services regarding Disab…",0,,1,alendar Employment Student Links Contact Us District Home Staff Links Community Education District Nurse Parent/Student Portal School Lunch Staff Directory Budget Badge Budget and Salary/Compensation Transparency Reporting MI School Data Visit Our Dashboard Previous Next Pause Pl…
Eastpointe Community Schools,MI,https://www.eastpointeschools.org/,75,Emerging Governance,https://www.eastpointeschools.org/departments/libraries/policies/,,https://www.eastpointeschools.org/our-district/staff-telephone--email-directory/,Missing: tech (crawl limited),4,1,"Policy: Technology and Internet Safety
Section 15. Copyrighted Works
Section 16. Privacy of Social Security Numbers
Section 17. Generative Artificial Intelligence Use Policy
Article VIII Community Relations
Section 1. Information Generally
Section 2. Freedom of Information Act
v
…",0,,1,ices Human Resources Open Enrollment/Benefits Health & Wellness Alternative Certification Operations Water Quality Student Support Services Superintendent Title IX Technology Student Account Help Request Transportation Libraries Why School Libraries? Staff Virtual Library Card St…,1,"Policy: Technology and Internet Safety
Section 15. Copyrighted Works
Section 16. Privacy of Social Security Numbers
Section 17. Generative Artificial Intelligence Use Policy
Article VIII Community Relations
Section 1. Information Generally
Section 2. Freedom of Information Act
v
…",1,"ni Community City of Eastpointe City of Warren Eastpointe Library Warren Public Library Home Our District Staff Telephone & Email Directory Staff Directory Eastpointe Community Schools Administration Administrative Center 24685 Kelly Road Eastpointe , MI 48021 P: (586) 533-3000 O…"
Fitzgerald Public Schools,MI,https://www.fitz.k12.mi.us/,30,Minimal Transparency,https://www.fitz.k12.mi.us/page/reporting-alleged-legal-policy-violations,,https://www.fitz.k12.mi.us/page/administrative-contacts,Missing: tech (crawl limited),2,0,,0,,1,"ict policies, contracts or administrative guidelines, the following are methods to report those concerns: Notify your supervisor Notify the Director of Human Resources Notify Information Technology (IT) Support Services Use the suggestion boxes at the school buildings Complete th…",0,,1,for Board of Education Board of Education Overview Agendas & Minutes Policies Board Members Resolutions About Show submenu for About About Contact Us More Show submenu for Skip Gallery Welcome to Fitzgerald Public Schools End of Gallery Annual Education Reports Student Registrati…
Fraser Public Schools,MI,https://www.fraser.k12.mi.us/,30,Minimal Transparency,https://www.fraser.k12.mi.us/board-of-education,,https://www.fraser.k12.mi.us/departments/special-education/special-education-staff,Missing: tech (crawl limited),2,0,,0,,1,atement Departments Business Office Community Relations Curriculum Human Resources Operations & Maintenance School Safety Special Education Superintendent Technology Transportation Programs Athletics Career & Technical Education Food Service Fraser Aquatics School Age Child Care …,0,,1,Bond 2023 Budget Transparency District Map (opens in new window/tab) Fraser Educational Foundation Grant Information Portrait of a Graduate Staff Directory (opens in new window/tab) Strategic Plan Board Of Education Meeting Dates About Our Board Agendas and Minutes Board Committe…
Romeo Community Schools,MI,https://romeok12.org/,30,Minimal Transparency,https://romeok12.org/board-of-eductation/bylaws-and-policies/,,https://romeok12.org/schools/croswell-early-childhood-center/our-staff/,Missing: tech (crawl limited),2,0,,0,,1,Employment Lunch Menus Enrollment Health and Wellness Calendar Parent Portal Construction Updates District Home For Parents For Staff Staff Directory Site Map Budget Badge Budget and Salary/Compensation Transparency Reporting MI School Data Visit Our Dashboard Previous Next Pause…,0,,1,ments Employment Lunch Menus Enrollment Health and Wellness Calendar Parent Portal Construction Updates District Home For Parents For Staff Staff Directory Site Map Budget Badge Budget and Salary/Compensation Transparency Reporting MI School Data Visit Our Dashboard Previous Next…
Utica Community Schools,MI,https://www.uticak12.org/,30,Minimal Transparency,https://www.uticak12.org/about-ucs/board-of-education,https://www.uticak12.org/families-community/technology-support/home/staff-support/staff-faq,https://www.uticak12.org/families-community/technology-support/home/staff-support/staff-faq,,2,0,,0,,1,"Luke Grunow Feb 12 2026 2 : 34 PM The Michigan Interscholastic Athletic Administrators Association (MIAAA) has named Robin Dilday, Athletic Director at Utica Community Schools, the Region 10 Athletic Director of the Year. This prestigious honor recognizes outstanding leadership, …",0,,1,- Utica Community Schools Skip To Main Content Close Menu Search Clear Search Open Schools Quick Links Enrollment Employment News Calendar Contact Us Translate About UCS Board of Education Board Policies & Procedures Bond Issue Updates Bond Issue Updates Building For the Future A…
Van Dyke Public Schools,MI,https://www.vdps.net/,30,Minimal Transparency,https://www.vdps.net/page/board-of-education-bylaws-and-policies,,https://www.vdps.net/page/administration,Missing: tech (crawl limited),2,0,,0,,1,"er our Board policies, the official minutes of the Board of Education meetings are stored and available for inspection at the Office of the Superintendent. If you are an individual with a disability who is in need of a reader, amplifier, qualified sign language interpreter or any…",0,,1,"ualified sign language interpreter or any other form of auxiliary aid or service to attend or participate in the meeting or hearing, please contact the Office of the Superintendent at 586.758.8333 at least one week prior to the meeting. Bylaws and Policies Board of Education Boar…"
Roseville Community Schools,MI,https://rosevillepride.org/,30,Minimal Transparency,https://rosevillepride.org/our-district/board-of-education/,,https://rosevillepride.org/our-district/administration/,Missing: tech (crawl limited),2,0,,0,,1,o start of staff cards Teresa Tomala Special Education Director Send an Email Skip to end of staff cards Skip to start of staff cards Joe Smith Buildings & Ground Director Send an Email Skip to end of staff cards Skip to start of staff cards Scott Sikorski Coordinator of Transpor…,0,,1,Special Education Restorative Practices RCS Scholarship Foundation Young Fives Our District Board of Education Administration Calendars RCS Staff Directory Contact Us Alumni Employment District Home Job Listings Enroll How to Enroll School of Choice Registration Early Childhood L…
Mount Clemens Community Schools,MI,https://www.mtcps.org/,30,Minimal Transparency,https://www.mtcps.org/district/school-board/bylaws-and-policies/,,https://www.mtcps.org/district/contact-us/,Missing: tech (crawl limited),2,0,,0,,1,"ed of the status of Policy 5517 investigation and provide the Principal with a copy of the resulting
written report. Likewise, the Title IX Coordinator will provide the Principal with the determination of responsibility that results from
the Policy 2266 grievance process.
Investi…",0,,1,and Policies Remote Participation School Board Meetings School Board Members School Board Goals School Board Resources School Safety Drills Staff Directory Superintendent Transportation 2025 Bond Mount Clemens Enrollment Parents Bussing Information Child Cyber Safety District Pho…
New Haven Community Schools,MI,https://www.newhaven.misd.net/,30,Minimal Transparency,,,,"Missing: policy, tech, contact (crawl limited)",2,0,,0,,1,rough e-Funds. The cost of the pass is $60.00 and is good for 30 regular season home event admissions. e-Funds for Schools Mr. John McMahon Director of Athletics and Facilities Use Email Athletic Director Ms. Stacey Conners Athletic Secretary Email Athletic Secretary Mrs. Dawn Vi…,0,,1,"Every Day. No Exceptions. No Excuses.” To begin the enrollment process, please print the appropriate enrollment packet for your student and contact the enrolling secretary listed to schedule a time to submit your completed forms. Required Documents for Enrollment To ensure a smoo…"
Warren Woods Public Schools,MI,https://www.warrenwoods.misd.net/,75,Emerging Governance,https://www.warrenwoods.misd.net/our-district/superintendent/nondiscrimintation-policy/,https://www.warrenwoods.misd.net/our-district/departments/technology-services/,https://www.warrenwoods.misd.net/our-schools/briarwood-elementary/staff-directory/,,4,1,Matic Scan from a Mobile Device using Office Lens Technology Policies Staff Acceptable Use Policy Staff Equipment Lending Agreement Student Acceptable Use Policy Student Equipment Release Form Artificial Intelligence (AI) Policy Student Conduct Policy (Includes AI) Tech Tip Tuesd…,0,,1,"Booster Club Bus Information Calendar-District Calendar-WWT Clubs, Organizations and Advisors Counseling SAT - PSAT-MSTEP Information Staff Directory and Email Phone Directory Student Handbook Titan Nation Adult & Community Education Adult Education Adult Education News Credit Re…",1,erge PDFs Record camera video using Screencast-O-Matic Scan from a Mobile Device using Office Lens Technology Policies Staff Acceptable Use Policy Staff Equipment Lending Agreement Student Acceptable Use Policy Student Equipment Release Form Artificial Intelligence (AI) Policy St…,1,od Elementary Annual Education Reports Community Resources Medical Action Plans Monthly Calendar Monthly Newsletter School Improvement Plan Staff Directory and Email Student Handbook Pinewood Elementary Enrollment Checklist Google Community Calendar Link Literacy Footprints Link …
Manistee Area Public Schools,MI,https://www.manisteemariners.org/,30,Minimal Transparency,https://www.manisteemariners.org/privacy-policy/,,https://www.manisteemariners.org/staff/,Missing: tech (crawl limited),2,0,,0,,1,"tkins, Amy Math awatkins@manistee.org MMHS Williams, Donna General Supervision dwilliams@manistee.org MMHS Williams, Jennifer MS Activities Director / Sensory / Library jwilliams@manistee.org MMHS Wittlief, Candace Paraprofessional cwittlief@manistee.org MMHS Zehner, Chris Paine …",0,,1,"IMPORTANT 🚨 Secure Mode at MMHS (1-12-26) Disney’s The Little Mermaid Auditions!! Band Concerts This Week! CENTRAL OFFICE/PRIMARY DISTRICT CONTACT Central/Board Office p: (231) 723-3521 f: (231) 723-1507 SCHOOLS CONTACT Middle + High School Serving Grades 6-12 525 12th St, Manist…"
South Lake Schools,MI,https://www.solake.org/,30,Minimal Transparency,,,https://www.solake.org/apps/staff/,"Missing: policy, tech (crawl limited)",2,0,,0,,1,tant to Curriculum and Technology jbaumgart@solake.org Renee Deleersnyder Transportation Coordinator rdeleersnyder@solake.org Corey Edwards Director of Athletics cedwards@solake.org Joe Ferlito Carol Haksluoto Exec Asst Pupil Acctg/PS Liaison/Technology chaksluoto@solake.org Carr…,0,,1,5-1600 Fax: (586) 435-1699 Powered by Edlio Edlio Login Directions Calendar Facebook Twitter Vimeo Search Search Search Mobile Footer Links Staff Directory Calendar News Contact Staff Directory | South Lake Schools Skip to main content Main Menu Toggle Our District About Us Atten…
L'Anse Creuse Public Schools,MI,https://www.lc-ps.org/,30,Minimal Transparency,https://www.lc-ps.org/programs/community-education/registration-information--refund-policies/,,https://www.lc-ps.org/our-district/for-lcps-staff/,Missing: tech (crawl limited),2,0,,0,,1,"g Agreements Special Education Student & Information Services PowerSchool - Parent Portal Schools of Choice Enrollment Community Assistance Superintendent's Office Technology Support Transportation Programs Adult Education Athletics Community Education Classes, Clubs & Events Tri…",0,,1,APAC Macomb County Juvenile Justice Center Wheeler Community Center & Administrative Offices More Links District Home Calendar For Students Staff Directory Quicklinks LCPS-TV Facility Use Food Service Payments Technology Support OK2Say For Staff For Students Community Education E…
Marquette Area Public Schools,MI,https://www.mapsnet.org/,30,Minimal Transparency,https://www.mapsnet.org/page/seclusion-and-restraint-policies,,https://www.mapsnet.org/staff,Missing: tech (crawl limited),2,0,,0,,1,Support Staff of the Year Other Awards Requests for Bids Requests for Bids Building Directory Show submenu for Building Directory Building Directory Central Office Shiras Planetarium Kaufman Auditorium More Show submenu for Skip Gallery Marquette Senior High School End of Gallery…,0,,1,Teacher of the Year MAPS 6-12 Teacher of the Year MAPS Support Staff of the Year Other Awards Requests for Bids Requests for Bids Building Directory Show submenu for Building Directory Building Directory Central Office Shiras Planetarium Kaufman Auditorium More Show submenu for S…
Big Rapids Public Schools,MI,https://www.brps.org/,10,No Public AI Governance Signals,https://www.brps.org/page/board-of-education,,https://www.brps.org/o/brps/page/staff,Missing: tech (crawl limited),1,0,,0,,0,,0,,1,ation Curriculum District Communication Enroll Ferris TV - Making The Grade Points of Pride School of Choice School Safety Special Services Staff Directory Volunteer Resources State Required Info Show submenu for State Required Info District Annual Education Report (AER) District…
Chippewa Hills School District,MI,https://www.chsd.us/,10,No Public AI Governance Signals,https://www.chsd.us/page/board-of-education,,https://www.chsd.us/page/administration,Missing: tech (crawl limited),1,0,,0,,0,,0,,1,"ct Communications District Documents & Forms District Reports Employment Newsletter Purchasing/Bids Schools of Choice Skyward Family Access Staff Directory Surveys Transparency, Resources & Notices Departments Show submenu for Departments Departments 504 Athletics Food Service In…"
Evart Public Schools,MI,https://evartps.org/,75,Emerging Governance,https://evartps.org/our-district/board-policies/,,https://evartps.org/our-district/board-member-directory/,Missing: tech (crawl limited),4,1,s and Payroll Information Policy 4225 - Temporary Remote Work Policy 4226 - Intentionally Left Blank Policy 4227 - False Medicaid Claims-23 Policy 4228 - No Expectation of Privacy Policy 4229 - Acceptable Use of Generative Artificial Intelligence Section 4300 - Non-Exempt Staff P…,0,,1,(AER) Skyward Tutorials High School Annual Education Report (AER) Attendance Counselor's Corner Drills Forms & Documents High School Staff Directory HS Handbook SAT Prep and Info Transcripts Work Permits & Information Adult Education Volunteer Athletics Evart MS Athletics Evart H…,1,esignation Policy 4224 - Personnel Files and Payroll Information Policy 4225 - Temporary Remote Work Policy 4226 - Intentionally Left Blank Policy 4227 - False Medicaid Claims-23 Policy 4228 - No Expectation of Privacy Policy 4229 - Acceptable Use of Generative Artificial Intelli…,1,"Plan ESSER III Board Member Directory Board Policies Calendars Crisis Hotline Info District Annual Education Report (AER) District News EPS Staff Directory Evart Promise Plus Freedom of Information Act (FOIA) Mission/Belief/Vision Statements, and Strategic Plan Payroll Packets Re…"
Reed City Area Public Schools,MI,https://www.reedcityschools.org/,10,No Public AI Governance Signals,https://www.reedcityschools.org/page/boe,,https://www.reedcityschools.org/page/contact-us,Missing: tech (crawl limited),1,0,,0,,0,,0,,1,ment Opportunities Chartwells - Food Service DM Burr - Custodial RCAPS District 2022-2024 RtL & CS Plan Requests for Proposal Safety Drills Staff Directory Strategic Plan Superintendent Search Athletics Show submenu for Athletics Athletics About RC Athletics Watch Athletics RCHS …
Bullock Creek School District,MI,https://www.bcreek.k12.mi.us/,30,Minimal Transparency,https://www.bcreek.k12.mi.us/page/policies-handbooks-orms,,https://www.bcreek.k12.mi.us/staff,Missing: tech (crawl limited),2,0,,0,,1,Jennifer Keister Laynette St. John Administrative Assistant / Special Services 989-631-9022 Send Message to Laynette St. John Patrick Jones Director of Technology DISTRICT 989-631-9022 Send Message to Patrick Jones Mark Murray Transportation Director 989-698-3208 Send Message to …,0,,1,"esource GradeCam Setup and Class Lists District Handbooks, Policies and Forms School Nutrition and Wellness Distance Learning Room Schedule Staff Directory School Library System School Messenger Parent Notification System Pivot Evaluation System Career Cruising Management Video S…"
Meridian Public Schools,MI,https://www.merps.org/,30,Minimal Transparency,https://www.merps.org/page/board-of-education,,https://www.merps.org/o/meridian-public-schools/staff,Missing: tech (crawl limited),2,0,,0,,1,ls Show submenu for Schools District Show submenu for District About Us Strategic Plan Annual Education Reports Board of Education Calendar Directory Community Communications High Reliability Schools Hoofprint Award Annual Notices Surveys Departments Show submenu for Departments …,0,,1,ls Show submenu for Schools District Show submenu for District About Us Strategic Plan Annual Education Reports Board of Education Calendar Directory Community Communications High Reliability Schools Hoofprint Award Annual Notices Surveys Departments Show submenu for Departments …
Midland Public Schools,MI,https://www.midlandps.org/home,30,Minimal Transparency,https://www.midlandps.org/studentacceptableusepolicy,,https://www.midlandps.org/staffdirectory,Missing: tech (crawl limited),2,0,,0,,1,reas District Communications Requests for Proposal (RFPs) School Improvement School Safety & Security Drills Statement of Nondiscrimination Superintendent Team Technology Students Calendar and Marking Periods Canvas Login Curriculum Food Service International Baccalaureate Parent…,0,,1,"dle School Northeast Middle School High Schools H.H. Dow High School Midland High School PATHS Program Central Auditorium District Calendar Staff Directory Employment Contact Us Search 600 E. Carpenter St, Midland, MI 48640 PH: 989-923-5001 FAX: 989-923-5003 MPS - Main Nav Home A…"
Bedford Public Schools,MI,https://www.bedford.k12.mi.us/,30,Minimal Transparency,https://www.bedford.k12.mi.us/community-education/forms-policies,,https://www.bedford.k12.mi.us/about/administration,Missing: tech (crawl limited),2,0,,0,,1,"DFORD PUBLIC SCHOOLS Superintendent Bedford Public Schools Welcome to the Bedford Public Schools district website! I am honored to serve as Superintendent of this outstanding community, where students, families, staff, and community members work together to make Bedford a truly s…",0,,1,"policies for the activities and programs provided by Bedford Community and Adult Education. If you have any questions, please feel free to contact our office. General Non-Discrimination Policy Photo/Photography Weather Cancellation Refunds Usage Policies General 1) Registrations …"
Ida Public Schools,MI,https://www.idaschools.org/,30,Minimal Transparency,https://www.idaschools.org/district/administration/board-of-education/,,https://www.idaschools.org/district/administration/board-of-education/,Missing: tech (crawl limited),2,0,,0,,1,Reader) MobyMax Big Ideas Math Wonders ELA AR Book Finder Tutor Bot - Math Skills Practice VocabClass Preschool Enrollment More Links Staff Directory About Us Infinite Campus Parents & Students Employee Resources Employee Access Center Safe Schools Training Education Advanced-Eva…,0,,1,Ballot Proposal Q&A Voter Information From the Fall BTS Ida Insights Page 9 Postcard Pre-Vote Sinking Fund Information Schools High School Staff Directory Lunch menu Student Council HS Guidance Department Middle School Staff Directory Lunch Menu MS Counselor's Corner Student Coun…
Mason Consolidated Schools (Erie Mason),MI,https://eriemason.k12.mi.us/,30,Minimal Transparency,https://eriemason.k12.mi.us/board-of-education,,https://eriemason.k12.mi.us/staff-district,Missing: tech (crawl limited),2,0,,0,,1,"Welcome to Mason Consolidated Schools From Superintendent Kelli Tuller Welcome to Mason Consolidated Schools! I'm so proud to serve as your Superintendent and to be part of this incredible community. Our schools are more than buildings: they're places where children grow, familie…",0,,1,lities Reservation Form (pdf) Download Cold Weather Guidelines (pdf) Download Consent for Disclosure of Immunization Records (pdf) Download Directory Information and Opt-Out - 5309-F (pdf) Download Extracurriculars_Opportunities for Every Eagle_2026 (pdf) Download McKinney-Vento_…
Mona Shores Public Schools,MI,https://www.monashores.net/,10,No Public AI Governance Signals,,,,"Missing: policy, tech, contact (crawl limited)",1,0,,0,,0,,0,,1,"allery enrollment job openings PowerSchool portal Mona Shores Public Schools Mona Shores Public Schools 121 Randall Road Muskegon, MI 49441 Phone: (231) 780-4751 Schools Mona Shores Public Schools Mona Shores High School Mona Shores Middle School Campbell Elementary Churchill Ele…"
Montague Area Public Schools,MI,https://www.mapsk12.org/,30,Minimal Transparency,https://www.mapsk12.org/ourdistrict/board-of-education/board-policies/,,,Timed out (district budget exceeded),2,0,,0,,1,o Navigation Follow us on Facebook Search Form Quick Search: Search Main Menu Our District Board of Education Board Policies Strategic Plan Superintendent MAPS News Alumni Auditorium Building Use FOIA Requests Transparency Annual Notices Montague High School Principal's Page Staf…,0,,1,lan Superintendent MAPS News Alumni Auditorium Building Use FOIA Requests Transparency Annual Notices Montague High School Principal's Page Staff Directory Athletics Fall Sports Winter Sports Spring Sports Montague Athletic Boosters (MAB) Schedules Counseling Extracurricular Acti…
Muskegon Public Schools,MI,https://muskegonpublicschools.org/,30,Minimal Transparency,https://muskegonpublicschools.org/downloads/transparency/web_integrated_pest_management_policy.pdf,https://muskegonpublicschools.org/academics/technology-support-videos-and-information/,https://muskegonpublicschools.org/about-us/district-staff-directory/,,2,0,,0,,1,"fice of Specialized Instruction Office of Technology Services Registration and Student Services Transportation District News District Staff Directory Employment Opportunities Publications and Notices ""Muskegon Mirror"" District Newsletter Annual Education Reports COVID-19 Notices …",0,,1,"ion Office of Specialized Instruction Office of Technology Services Registration and Student Services Transportation District News District Staff Directory Employment Opportunities Publications and Notices ""Muskegon Mirror"" District Newsletter Annual Education Reports COVID-19 No…"
Reeths-Puffer Schools,MI,https://www.reeths-puffer.org/,10,No Public AI Governance Signals,,https://www.reeths-puffer.org/page/technology-and-security-enhancement-millage,,"Missing: policy, contact (crawl limited)",1,0,,0,,0,,0,,1,"lery End of Gallery Tech & Security Millage Parent Portal My School Bucks Find Us Reeths-Puffer Schools 991 W. Giles Rd. Muskegon, MI 49445 Phone: 231-744-4736 Fax: 231-744-9497 Schools Reeths-Puffer Schools Reeths-Puffer High School Reeths-Puffer Middle School Reeths-Puffer Inte…"
Whitehall District Schools,MI,https://www.whitehallschools.net/,30,Minimal Transparency,https://www.whitehallschools.net/academics/technologypolicies/,https://www.whitehallschools.net/academics/technologypolicies/,https://www.whitehallschools.net/ourdistrict/staffdirectory/,,2,0,,0,,1,g Office Middle School Athletics News Staff Directory Ealy Elementary Staff Directory Shoreline Elementary About Shoreline Elementary Staff Directory Academics Annual Education Report Instructional Technology Michigan Online Course Catalog Parent/Student Resources Special Educati…,0,,1,& District Policies COVID-19 Dashboard Employment FOIA Requests Food Service News & Announcements PaySchools School Store Schools of Choice Staff Directory Transportation / Grounds / Maintenance 2025 Bond Proposal Our Schools High School Staff Directory Student Services and Couns…
Birmingham Public Schools,MI,https://www.birmingham.k12.mi.us/,30,Minimal Transparency,https://www.birmingham.k12.mi.us/privacy-policy,,https://www.birmingham.k12.mi.us/about/directory,Missing: tech (crawl limited),2,0,,0,,1,in new window/tab) Schoology (opens in new window/tab) Class Link Athletics (opens in new window/tab) Site Search Search Clear Search Staff Directory Keyword Student Meal Accounts IT Help Desk Strategic Plan Bond 2020 Updates Report a Safety Concern ABOUT BPS Directory Board of E…,0,,1,opens in new window/tab) Schoology (opens in new window/tab) Class Link Athletics (opens in new window/tab) Site Search Search Clear Search Staff Directory Keyword Student Meal Accounts IT Help Desk Strategic Plan Bond 2020 Updates Report a Safety Concern ABOUT BPS Directory Boar…
Bloomfield Hills Schools,MI,https://www.bloomfield.org/,30,Minimal Transparency,https://www.bloomfield.org/about-bhs/board-of-education,,,Timed out (district budget exceeded),2,0,,0,,1,"ctions by the residents of our school district. Board members work collaboratively to accomplish the Annual Goals, to hire and evaluate the superintendent, to monitor and create the policies that govern our students and district, and to oversee the financial operations of the dis…",0,,1,porting (opens in new window/tab) Request for Proposals (RFP) Forms and Information for Staff (opens in new window/tab) News and Spotlights Contact BHS Bond 2020 Schools Bond Work Media Communications Toolkit PR Recommendations Submit Your News Story (opens in new window/tab) Pro…
Troy School District,MI,https://www.troy.k12.mi.us/,30,Minimal Transparency,https://www.troy.k12.mi.us/student-life/cell-phone-policy,,https://www.troy.k12.mi.us/departments/administration,Missing: tech (crawl limited),2,0,,0,,1,Attendance Area Review Board of Education Bond Status Updates Data Dashboard (opens in new window/tab) Portrait of a Learner Strategic Plan Superintendent Welcome COMMUNITY & FAMILIES Back to School HUB Community Partners Facility Rentals (opens in new window/tab) FOIA Requests M…,0,,1,) Medication Authorization (opens in new window/tab) My TSD Portals (opens in new window/tab) PowerSchool Information Schoology Information Staff Directory Tech Help (opens in new window/tab) TFEE Grants Volunteer & iChat Form EMPLOYMENT Substitute/Contracted Staff Employment (op…
Grosse Pointe Public School System,MI,https://www.gpschools.org/,30,Minimal Transparency,https://www.gpschools.org/about-gppss/school-board/board-policies,,https://www.gpschools.org/about-gppss/contact-us,Missing: tech (crawl limited),2,0,,0,,1,"SSA HAMKA Director, Human Resources (313) 432-3017 BEN MATTESON CFD Executive Director of Buildings & Grounds (313) 432-3082 GARRETT KELLEY Director of Technology (313) 432-5160 BRIAN JAEGER Supervisor, Information Systems (313) 432-3037 REBECCA FANNON Director of Communications …",0,,1,me - Grosse Pointe Public School System Skip To Main Content Close Main Menu About GPPSS Administrators Annual Notifications Annual Reports Contact Us School Board Style Guide Bond 2025 Prospective Families Enrollment Kids Club Kindergarten / Young Fives Information Preschool Dis…
Berkley School District,MI,https://www.berkleyschools.org/,30,Minimal Transparency,https://www.berkleyschools.org/privacy-policy,,https://www.berkleyschools.org/our-district/staff-directory,Missing: tech (crawl limited),2,0,,0,,1,ch Clear Search mobile-main-nav Our District Alumni Board of Education Calendar District Map Enrollment History Mission & Vision News Staff Directory Departments Business & Finance Office Communications Facilities & Operations Human Resources Shared Time Special Education/Student…,0,,1,h Search Clear Search mobile-main-nav Our District Alumni Board of Education Calendar District Map Enrollment History Mission & Vision News Staff Directory Departments Business & Finance Office Communications Facilities & Operations Human Resources Shared Time Special Education/S…
Avondale School District,MI,https://www.avondaleschools.org/,30,Minimal Transparency,https://www.avondaleschools.org/about/board-of-education/,,https://www.avondaleschools.org/about/staff-directory/,Missing: tech (crawl limited),2,0,,0,,1,Resources Ask ASD Departments Education Foundation Employment Enrollment Health & Wellness Safety & Security Staff Directory Strategic Plan Superintendent Sinking Fund & Operating Millage Home About Safety & Security Avondale Safety & Security School Policies All District Policie…,0,,1,bout Board of Education Bond Community Resources Departments Education Foundation Employment Enrollment Health & Wellness Safety & Security Staff Directory Strategic Plan Superintendent Sinking Fund & Operating Millage Schools Kindergarten Avondale Early Childhood Auburn Elementa…
Clarkston Community Schools,MI,https://www.clarkston.k12.mi.us/,30,Minimal Transparency,https://www.clarkston.k12.mi.us/about-us/board-of-education,,https://www.clarkston.k12.mi.us/about-us/faculty-staff-directory,Missing: tech (crawl limited),2,0,,0,,1,Clarkston's Kids Public Information Realtors & Homebuyers Senior Gold Card Be the Light Parents Enroll District Calendar Faculty and Staff Directory Attendance Matters Submit a Story ParentSquare Social Media Subscribe to School Emails Supply Lists Students Code of Conduct (opens…,0,,1,ion Report Board of Education Our Culture Calendar District Points of Pride District Map District News District News & Highlights Faculty & Staff Directory School Improvement Plans Social Media Gallery Strategic Plan 2025-2030 Superintendent Dr. Shawn Ryan Departments Departments…
Farmington Public Schools,MI,https://www.farmington.k12.mi.us/,30,Minimal Transparency,https://www.farmington.k12.mi.us/district/board-of-education,,,"Missing: tech, contact (crawl limited)",2,0,,0,,1,Budget Calendars Contact Us Telephone Directory Administrator Directory (opens in new window/tab) Office of Civil Rights Information Staff Directory (opens in new window/tab) District Communications Finalsite Mass Notifications FAQ Finalsite Community Messenger District Mobile Ap…,0,,1,w/tab) Budget Calendars Contact Us Telephone Directory Administrator Directory (opens in new window/tab) Office of Civil Rights Information Staff Directory (opens in new window/tab) District Communications Finalsite Mass Notifications FAQ Finalsite Community Messenger District Mo…
Ferndale Public Schools,MI,https://www.ferndaleschools.org/,10,No Public AI Governance Signals,https://www.ferndaleschools.org/page/board-of-education,,https://www.ferndaleschools.org/page/staff-resources,Missing: tech (crawl limited),1,0,,0,,0,,0,,1,s - Menu Schools Translate Search site Sign in Staff Resources Internal Staff Calendar Employee Portal Employee Resources Website Resources Contact Us Email Employee Online Technology Tutorials Adobe Sign Tutorial ML Schedules – Calendar & Event Support ML Schedules - New Group C…
Clawson Public Schools,MI,https://www.clawsonschools.org/,30,Minimal Transparency,https://www.clawsonschools.org/board-of-education/,https://www.clawsonschools.org/departments/technology/,https://www.clawsonschools.org/parentstudent/staff-directory/,,2,0,,0,,1,olicies Agendas/Minutes Watch Live Meetings Parent/Student Calendar Online Payments/PayPal MISTAR Parent Portal MISTAR Student Portal Staff Directory Xello Community City of Clawson Blair Memorial Library Parks and Recreation Chamber of Commerce City Clubs & Organizations Staff R…,0,,1,oard Policies Agendas/Minutes Watch Live Meetings Parent/Student Calendar Online Payments/PayPal MISTAR Parent Portal MISTAR Student Portal Staff Directory Xello Community City of Clawson Blair Memorial Library Parks and Recreation Chamber of Commerce City Clubs & Organizations S…
West Bloomfield School District,MI,https://www.wbsd.org/,30,Minimal Transparency,https://www.wbsd.org/about-us/boe,https://www.wbsd.org/staff/edtechmasscommunications,https://www.wbsd.org/staff/edtechmasscommunications,,2,0,,0,,1,ell Times Board of Education District Goals District Map Emergency Drills Freedom of Information Act Requests History Points of Pride Portrait of a Graduate Prospective Families Special Education Staff Directory Superintendent Dr. Bazzi Talk to Us Tours 2023 Strategic Visioning K…,0,,1,eedom of Information Act Requests History Points of Pride Portrait of a Graduate Student Ambassadors Prospective Families Special Education Staff Directory Superintendent Dr. Bazzi Talk to Us Tours 2023 Strategic Visioning K-5 Redistricting Sinking Fund 2025 Operating Millage Ren…
Waterford School District,MI,https://www.waterford.k12.mi.us/,30,Minimal Transparency,https://www.waterford.k12.mi.us/our-district/administration-departments/board-of-education/,,https://www.waterford.k12.mi.us/our-district/administration-departments/board-of-education/,Missing: tech (crawl limited),2,0,,0,,1,stration & Departments Board of Education Business and Operations Central Enrollment Human Resources Instructional Technology Office of the Superintendent School & Community Services Student Support Services Teaching & Learning Services About Us Who We Are Strategic Plan Alumni C…,0,,1,"7:00 PM January 22, 2026 - 6:30 PM February 7, 2026 - 8:00 AM Any person with a disability who needs accommodation for participation should contact Megan Roberts, roberm01@wsdmi.org , at least five days in advance of the meeting to request assistance. If the request is for a spec…"
Novi Community School District,MI,https://www.novi.k12.mi.us/,30,Minimal Transparency,https://www.novi.k12.mi.us/district1/enrollment/extended-absence-policy,,https://www.novi.k12.mi.us/district1/administration,Missing: tech (crawl limited),2,0,,0,,1,25_Bond NCSD Town Hall Series Parent Concern Communication Flowchart Public Notices School Health Strategic Plan and Graduate Profile Staff Directory Student Handbook and Code of Ethics Title IX - Non-Discrimination Voting Precincts and Polling Locations Programs and Departments …,0,,1,ews 2025_Bond NCSD Town Hall Series Parent Concern Communication Flowchart Public Notices School Health Strategic Plan and Graduate Profile Staff Directory Student Handbook and Code of Ethics Title IX - Non-Discrimination Voting Precincts and Polling Locations Programs and Depart…
Rochester Community Schools,MI,https://www.rochester.k12.mi.us/,60,Emerging Governance,https://www.rochester.k12.mi.us/about-us/board-of-education/contact-the-board,,https://www.rochester.k12.mi.us/about-us/board-of-education/contact-the-board,Missing: tech (crawl limited),3,1,"tools When utilized properly, AI tools have the power to personalize learning. As schools, businesses and people around the world adapt to AI, a team of 26 RCS educators spent the last year developing generative AI guidelines and approved tools for the district. Extracurriculars …",0,,1,"S Welcome Why Choose RCS? Board of Education About the Board Connect with the Board Meetings Meeting Archives Board Recognition Resolutions Superintendent Search Board Vacancy Policies / Title IX Strategic Plan Vision Learning Strategic Planning, Year One Deliverables Strategic P…",0,,1,ion Early On Birth to Three Years Old ECSE ATPS Child Find Parent Advisory Committee PAC Social Emotional Wellness Crisis Resources Support Staff Directory Wellness Dog Program Safety & Security Athletics Sports by Season Schedules / Admission Athlete Registration Pay to Particip…
Huron Valley Schools,MI,https://www.hvs.org/,30,Minimal Transparency,https://www.hvs.org/page/bullying-policy,,https://www.hvs.org/page/administration,Missing: tech (crawl limited),2,0,,0,,1,"District's Student Code of Conduct, consistent with this Policy, to specifically prohibit bullying and cyberbullying, as defined below. The Superintendent is directed to post this Policy on the District's website. Reporting. The Superintendent or designee shall report to the Boar…",0,,1,"ystem SCECH HVS Events HVS Events Rec & Ed Rec & Ed Schools of Choice Schools of Choice More Show submenu for Administration Central Office Phone: (248) 684-8000 Superintendent Dr. Paul Salah (248) 684-8244 Assistant Superintendent of Teaching, Learning & Technology Dr. Lena Neme…"
New York City Department of Education,NY,https://www.schools.nyc.gov/,30,Minimal Transparency,https://www.schools.nyc.gov/learning/student-journey/promotion-policy,,,"Missing: tech, contact (crawl limited)",2,0,,0,,1,"re for all the families of the City of New York. 1.3. Mission The PEP is committed by mission and State law to working with the Chancellor, superintendents, community and citywide education councils, principals, and school leadership teams, as a part of the governance structure r…",0,,1,avigation Hands Forming a Heart academics accessibility alert arts backpack calendar camera careers circle-check circle pointing down clock contact envelope Facebook fax cellphone inside circle slash file globe globe grades help information link off location lunch Connect Notify …
Buffalo Public Schools,NY,https://www.buffaloschools.org/,30,Minimal Transparency,https://www.buffaloschools.org/page/board-of-education,,https://www.buffaloschools.org/o/bps/page/staff,Missing: tech (crawl limited),2,0,,0,,1,"ptional) : Archive Add program image: Add program title: Alumni Spotlight Add program text: Kara McGuire (Hutch Tech 1992) is the Assistant Director of the Library at Daemen University, where she oversees essential library operations and manages the professional development of th…",0,,1,Reasonable Accommodation Request Remote Teaching Resources S SBMT School Messenger Call System SchoolDude Schoology Login Schoology Support Staff Directory Step Up to Writing Login T Teacher Center (BTRC) Team Dynamix Technology Thrillshare (Web Editing) Toshiba Printers Translat…
Rochester City School District,NY,https://www.rcsdk12.org/,30,Minimal Transparency,https://www.rcsdk12.org/about/news-media-and-releases/board-of-education-meeting-broadcast-directory,https://www.rcsdk12.org/schooldirectory/high-school/edison-career-technology-high-school,https://www.rcsdk12.org/schooldirectory/high-school/edison-career-technology-high-school,,2,0,,0,,1,ive Committee School Based Planning Teams DASA Online Bully Reporting RCSD Parent Handbook (opens in new window/tab) Departments Department Directory Accountability Research and Evaluation Public Data Dashboard External School Operations Accounting Accounts Payable Assessment and…,0,,1,ases Board of Education Meeting Broadcast Directory RCSD YouTube (opens in new window/tab) Make a Freedom of Information Law (FOIL) request Contact the Department of Communications District Comprehensive Improvement Plan Receivership Schools and Innovation Facilities Moderization…
Syracuse City School District,NY,https://www.syracusecityschools.com/,30,Minimal Transparency,,https://www.syracusecityschools.com/itc,,"Missing: policy, contact (crawl limited)",2,0,,0,,1,"y School District | Syracuse, NY Skip to main content About ABOUT About Calendars Careers Code of Conduct News Notifications Strategic Plan Superintendent COMMUNITY Building Men Program Educational Foundation Mentors & Volunteers Partnerships Request for Proposal Say Yes BOARD OF…",0,,1,lic Safety Special Education Student Records Student Support Services Superintendent's Office Teaching and Learning Transportation more ... Contact CONTACT INFORMATION SCSD District Office (315) 435-4499 Superintendent - Pamela J. Odom (315) 435-4161 Executive Chief of Admin and …
Yonkers Public Schools,NY,https://www.yonkerspublicschools.org/,10,No Public AI Governance Signals,,,,"Missing: policy, tech, contact (crawl limited)",1,0,,0,,0,,0,,1,"nrollment Calendars Parent portal Menus Strategic Plan 2030 m365 Careers Find Us Yonkers Public Schools One Larkin Center Yonkers, NY 10701 Phone: 914-376-8000 Stay Connected Copyright © 2026 Yonkers Public Schools. All rights reserved. Powered By Apptegy Visit us to learn more Y…"
Albany City School District,NY,https://www.albanyschools.org/,30,Minimal Transparency,https://www.albanyschools.org/boe/index,,https://www.albanyschools.org/about/contact,Missing: tech (crawl limited),2,0,,0,,1,s on Instagram! Visit our YouTube Channel (opens in new window) Sign up for SNN Search our Site Home About Show sub menu for About From the Superintendent Equity in Education Our Guiding Principles Our Demographics Our Budget Contact Us District Administration Enroll in Our Schoo…,0,,1,"Phone Use Home About Contact Us Contact us (518) 475-6000 • 1 Academy Park, Albany, NY 12207 Online contact form Communication guide Search staff directory First Name Last Name Search by Name Department Select Department City School District of Albany About Academics Athletics Bo…"
Utica City School District,NY,https://www.uticaschools.org/,30,Minimal Transparency,https://www.uticaschools.org/families/policies/,https://www.uticaschools.org/departments/technology/,https://www.uticaschools.org/about-us/staff-directory,,2,0,,0,,1,"ntendent's Office UCSD Right to Appeal Videos (November 2023 - Present) Videos (Legacy) Departments Show sub menu for Departments Athletics Assistant Superintendent of Business, Finance, & Operations Benefit Services, State Aid Planning, & Capital Accounting Buildings & Grounds B…",0,,1,RED) Program McKinney-Vento Homeless Assistance Act Newsletters Utica Gems Parent Notices Parent Portal ParentSquare Registration Resources Staff Directory Student Data Security Summer Programs Whom to Contact Schools Show sub menu for Schools HIGH SCHOOL Proctor High School MIDD…
Schenectady City School District,NY,https://www.schenectady.k12.ny.us/,0,No Public AI Governance Signals,,,,"Missing: policy, tech, contact (crawl limited)",0,0,,0,,0,,0,,0,
Newburgh Enlarged City School District,NY,https://www.newburghschools.org/,30,Minimal Transparency,,,https://www.newburghschools.org/staffdirectory.php?Location=DIST,"Missing: policy, tech (crawl limited)",2,0,,0,,1,"es Supervisor for Exceptional Learners DIST cbarnes@necsd.net Ralph Burts District Hearing Officer DIST rburts@necsd.net Ms. Julie Chambers Director of Literacy DIST 8455633481 jchambers@necsd.net Dr. Christina Cloidt Director, Registration & Special Projects DIST ccloidt@necsd.n…",0,,1,"ership State's Parent Dashboard (NYSED) School Transformation Office Staff/Faculty Directory American Rescue Plan (ARP) ESSER Funds SCHOOLS Contact, Schedules, & Info Pre-K Program Balmville Fostertown Gardnertown Gidney Avenue Horizons-on-the-Hudson Meadow Hill New Windsor Templ…"
Niagara Falls City School District,NY,https://www.nfschools.net/,30,Minimal Transparency,https://www.nfschools.net/our-district/board-of-education/contact-us,,https://www.nfschools.net/our-district/board-of-education/contact-us,Missing: tech (crawl limited),2,0,,0,,1,"ebsite helps you learn, live, and access resources efficiently. Thank you for visiting. We trust you will find what you need! Mark Laurrie, Superintendent, Niagara Falls City School District. Quicklinks Official District Notices District Site Shortcuts Official District Notices O…",0,,1,"ar Search Our District Mission, Vision Statements, Strategic Goals Board of Education About the Board Current and Past Years' Board Minutes Contact Us Board Agenda and Minutes on BoardDocs Board Meeting Calendar District YouTube Channel Board Member Work Area Board Policies Capit…"
Mount Vernon City School District,NY,https://www.mtvernoncsd.org/,30,Minimal Transparency,https://www.mtvernoncsd.org/departments/technology/privacy-policy,https://www.mtvernoncsd.org/departments/technology/privacy-policy,https://www.mtvernoncsd.org/our-district/administration,,2,0,,0,,1,"trong hearts for life. Second community forum held to discuss budget priorities for 2026-27 school year Feb 10 2026 Dr. Demario Strickland, Superintendent of the Mount Vernon City School District held his second community forum on Monday, February 9 at Mount Vernon High School to…",0,,1,strict News and Videos News Archive Districtwide Safety Plan District Report Card Mount Vernon's Jewel Box NYS Monitor Organizational Chart Staff Directory Schools Denzel Washington School of the Arts Mount Vernon High School Mount Vernon STEAM Academy Benjamin Turner Academy Edw…
White Plains City School District,NY,https://www.wpcsd.org/,30,Minimal Transparency,https://www.wpcsd.org/page/2024-boe-candidate-bios,,https://www.wpcsd.org/staff,Missing: tech (crawl limited),2,0,,0,,1,COVID UPDATES COVID-19 Links Medicare Advantage Plan Information Facility Use Request MyApps My School Bucks Safety/MSDS Information Staff Directory Telehealth Food Services Facility Use Request Community Schools Health Services Physical Health & Examination Forms Physical Health…,0,,1,for District District Our Schools Our District NYSED Parent Dashboard Superintendent Show submenu for Superintendent Superintendent Search Staff Directory District Newsletters Calendars Budget and Taxes District Office Show submenu for District Office FOIL Requests Employment Fac…
Binghamton City School District,NY,https://www.binghamtonschools.org/,10,No Public AI Governance Signals,https://www.binghamtonschools.org/page/board-of-education,,https://www.binghamtonschools.org/page/administration,Missing: tech (crawl limited),1,0,,0,,0,,0,,1,"Binghamton's new mobile app today by searching ""Binghamton City School District"" on your mobile device's app store! Next (B) CONNECTED Item Contact Us Binghamton City School District 164 Hawley Street Binghamton, NY 13901 Phone 607.762.8100 Click here to sign up for district news…"
Ithaca City School District,NY,https://www.ithacacityschools.org/,30,Minimal Transparency,https://www.ithacacityschools.org/page/board-of-education,,https://www.ithacacityschools.org/page/contacts,Missing: tech (crawl limited),2,0,,0,,1,nu for About Us About Us Accountability Metrics Board of Education Budget Development Careers Central Leadership District News Registration Superintendent Vision and Mission Community Show submenu for Community Community 2019 Capital Project 2026 Capital Project Referendum Board …,0,,1,Home | Ithaca City School District Skip to content Calendar Careers Cell Phones Contact e-Insider SchoolTool Search site Ithaca City School District - Calendar Careers Cell Phones Contact e-Insider SchoolTool Search site Explor…
Kingston City School District,NY,https://www.kingstoncityschools.org/,30,Minimal Transparency,https://www.kingstoncityschools.org/plans-policies-and-procedures/technology-plan,https://www.kingstoncityschools.org/plans-policies-and-procedures/technology-plan,,Missing: contact (crawl limited),2,0,,0,,1,nt Policy Parent Compacts School Improvement Plans Social Media Guidelines School Safety Plan Shared Decision Making Special Education Plan Superintendent Contract Technology Plan Website Accessibility Guidelines District Home For Families Parent Portal (opens in new window/tab) …,0,,1,S District Report Card (opens in new window/tab) Pre-Kindergarten Program About Meagher Pre-K Universal Pre-K Registration School Directory Staff Directory DEPARTMENTS Athletics Business Office Communications English as a New Language (ENL) Facilities Food Services Health Service…
Middletown Enlarged City School District,NY,https://www.middletownk12.org/,30,Minimal Transparency,https://www.middletownk12.org/board-of-education/policies-and-regulations,,https://www.middletownk12.org/our-district/administration,Missing: tech (crawl limited),2,0,,0,,1,"27, 2021 Regular Voting Meeting July 21, 2021 Workshop Meeting June 23, 2022 Special Voting Meeting Special Voting Agenda Personnel Report Superintendent-1 Facilities 12-Month Calendar June 14 Workshop/Voting Meeting Recognition Program Workshop/Voting Agenda Addendum Personnel R…",0,,1,"s - with coordinated access to mental health supports, substance use treatment and services for intellectual and developmental disabilities Contact information is below. Phone: (877) 652-7624 Official PerformCare Website Logo Image Logo Title Middletown Township School District 8…"
Hempstead Union Free School District,NY,https://www.hempsteadschools.org/,75,Emerging Governance,https://www.hempsteadschools.org/district-administration/information-technology/technology-use-policies,https://www.hempsteadschools.org/district-administration/information-technology/technology-use-policies,https://www.hempsteadschools.org/district-administration/information-technology/technology-use-policies,,4,1,Committee on PreSchool Special Education (CPSE) Useful Links Transportation Home > Administration > Information Technology > Technology Use Policies Technology Use Policies Artificial Intelligence Acceptable Use Policy Responsible Use Policy for Middle - High School Students Resp…,0,,1,Hempstead Union Free School District Skip To Main Content Close Menu Search Clear Search District About Our District Code of Conduct Community Schools Dignity for All Students Act (DASA) Directory District-Wide Safety Plan Federal Programs Federal Programs Title I Program School …,1,ucation (CPSE) Useful Links Transportation Home > Administration > Information Technology > Technology Use Policies Technology Use Policies Artificial Intelligence Acceptable Use Policy Responsible Use Policy for Middle - High School Students Responsible Use Policy for Elementary…,1,n new window/tab) PowerTeacher (opens in new window/tab) PowerTeacher for Summer School PowerSubstitute Schoology (opens in new window/tab) Contact Us Facebook (opens in new window/tab) Instagram (opens in new window/tab) X (opens in new window/tab) YouTube (opens in new window/t…
Brentwood Union Free School District,NY,https://www.brentwood.k12.ny.us/,0,No Public AI Governance Signals,,,,"Missing: policy, tech, contact (crawl limited)",0,0,,0,,0,,0,,0,
Sachem Central School District,NY,https://www.sachem.edu/,30,Minimal Transparency,https://www.sachem.edu/non-discrim-policy,,https://www.sachem.edu/administration,Missing: tech (crawl limited),2,0,,0,,1,inks Schools eSchool Parent Portal ParentSquare Calendar Popular Links Sachem Central School District We Are Sachem! Home District About Us Superintendent's Message Administration Community Use of Facilities Code of Character DASA Have a Question? Northwell Health Non-Discrim Pol…,0,,1,"ict District Office 51 School Street, Lake Ronkonkoma, NY 11779 For items related to Special Education or Student 504 Accommodations please contact: Beth Caruana: (631) 471-1890 Ashley Shepard: (631) 471-1890 Coleen Flanagan (631) 471-1890 Jennifer Kropff (631) 471-1890 For items…"
Clarkstown Central School District,NY,https://www.ccsd.edu/,30,Minimal Transparency,https://www.ccsd.edu/boe,,https://www.ccsd.edu/district/search-staff-district-wide,Missing: tech (crawl limited),2,0,,0,,1,tent Close Menu Search Clear Search Our District Connect With Us Our Schools Staff Directory Organizational Chart (opens in new window/tab) Superintendent of Schools Data Privacy and Security Required Notifications Parent Academy Board of Education Annual Budget 2024 Bond Referen…,0,,1,Home - Clarkstown Central School District Skip To Main Content Close Menu Search Clear Search Our District Connect With Us Our Schools Staff Directory Organizational Chart (opens in new window/tab) Superintendent of Schools Data Privacy and Security Required Notifications Parent …
North Rockland Central School District,NY,https://www.northrockland.org/,30,Minimal Transparency,https://www.northrockland.org/about-nrcsd/district-policies,,https://www.northrockland.org/about-nrcsd/administration,Missing: tech (crawl limited),2,0,,0,,1,ar Search Close Search Home > About NRCSD > Administration Administration Dr. Kris Felicello Superintendent of Schools Anthony Zollo Deputy Superintendent Eric Baird Asst Supt for Human Resources & Community Relations Taryn Soto Director of Special Services Kleo Girandola Assista…,0,,1,n new window/tab) Peachjar eFlyers (opens in new window/tab) PTA SEPTA (opens in new window/tab) Special Services (opens in new window/tab) Staff Directory (opens in new window/tab) Where's My Bus Stop? (opens in new window/tab) Departments Adult Education (opens in new window/ta…
East Ramapo Central School District,NY,https://www.ercsd.org/,30,Minimal Transparency,https://www.ercsd.org/board-of-education-26/about-the-board-of-education/policies,,,"Missing: tech, contact (crawl limited)",2,0,,0,,1,/tab) Instagram (opens in new window/tab) YouTube (opens in new window/tab) Links & Resources Calendar News & Announcements Faculty & Staff Directory Required Notifications Equal Opportunity Statement Data Privacy & Security Parent Portal (opens in new window/tab) Student Portal …,0,,1,tions Communications Chain of Command Superintendent Our Schools PTA District News Newsletters and Social Media Emergency Closings Calendar Staff Directory Board of Education About the Board of Education Board Meeting Dates for 2025-26 School Year Superintendent Search Policies E…
Baldwin Union Free School District,NY,https://www.baldwinschools.org/,30,Minimal Transparency,https://www.baldwinschools.org/our-district/academics-curriculum-instruction-technology/instructional-technology/technology-use-and-data-privacy-policies,https://www.baldwinschools.org/our-district/academics-curriculum-instruction-technology/instructional-technology/technology-use-and-data-privacy-policies,https://www.baldwinschools.org/for-staff1,,2,0,,0,,1,"iew Printable Calendar (PDF Version) Our District Academics: Curriculum, Instruction, & Technology Athletics Arts Academies & School2Career Superintendent Business (Budget Information) Child Nutrition Program Facilities & Grounds Health Services Human Resources Instructional Tech…",0,,1,"tee Current term: 24-27 Katrina Smith , Trustee Current term: 25-26 Thomas F. Smyth, Trustee Current term: 25-28 To reach the board, please contact the District Clerk at 516.434.6011 or email districtclerk@baldwinschools.org . Welcome to a Baldwin UFSD Board of Education Meeting …"
Freeport Union Free School District,NY,https://www.freeportschools.org/,10,No Public AI Governance Signals,https://www.freeportschools.org/school_board/policy_manual,,https://www.freeportschools.org/staff_directory,Missing: tech (crawl limited),1,0,,0,,0,,0,,1,"eeport, NY 11520 516-867-5200 Facebook Instagram Website by SchoolMessenger Presence. © PowerSchool Corporation. All rights reserved. Login Staff Directory - Freeport Public Schools Skip to Content Language View Original Spanish Cantonese French German Italian Tagalog Vietnamese …"
Uniondale Union Free School District,NY,https://www.uniondaleschools.org/,10,No Public AI Governance Signals,https://www.uniondaleschools.org/page/uniondale-boe-guide,,https://www.uniondaleschools.org/page/meet-central-administration,Missing: tech (crawl limited),1,0,,0,,0,,0,,1,"trict Safety Plan School Lunch PowerSchool Data Breach Find Us Uniondale Union Free School District 933 Goodrich Street Uniondale, NY 11553 Phone 516-560-8800 Schools Uniondale Union Free School District California Avenue School Grand Avenue School Lawrence Road Middle School Nor…"
Central Islip Union Free School District,NY,https://www.centralislip.k12.ny.us/,30,Minimal Transparency,https://www.centralislip.k12.ny.us/departments/technology/support/staff-support/streaming-video-policy,https://www.centralislip.k12.ny.us/departments/technology/support/staff-support/streaming-video-policy,https://www.centralislip.k12.ny.us/departments/technology/support/staff-support/streaming-video-policy,,2,0,,0,,1,Department School Building Information School Nutrition & Food Services School Safety & Health Services Special Education & PPS Department Superintendent of Schools Technology Department Testing and Assessment Transportation District Portal (Staff & Students) (opens in new window…,0,,1,ormation Surveys Mobile Menu Container Navigation - Main Mobile A-Z Website Directory About Central Islip Alerts and Communication Updating Contact Info Branding and Logos Building or Facility Use Request Directory Administration Clerical & Office Assistants Departments & Leaders…
Patchogue-Medford School District,NY,https://www.pmschools.org/,30,Minimal Transparency,https://www.pmschools.org/departments/technology/what-is-new-york-state-education-law-2-d/district-policies,https://www.pmschools.org/departments/technology/what-is-new-york-state-education-law-2-d/district-policies,https://www.pmschools.org/our-district/administration,,2,0,,0,,1,dle School South Ocean Middle School Patchogue-Medford High School Our School District Administration Employment Opportunities Data Privacy Superintendent of Schools Board of Education Board Goals Board Committees Diligent One - Board Policies and Minutes (opens in new window/tab…,0,,1,"nd Improvement Plans Health, Safety and Wellness See Say Do Something Escape The Vape Distraction Free School Zone YONDR @ Pat-Med Who Do I Contact? Community Engagement Adult Education Facilities Use Family Center Community Supports F.A.M.E. (Friends of Art and Music Education) …"
Long Beach Public Schools,NY,https://www.lbeach.org/,30,Minimal Transparency,https://www.lbeach.org/district/use_of_school_facilities_form_and_policy,,https://www.lbeach.org/staff/default.aspx,Missing: tech (crawl limited),2,0,,0,,1,h Public Schools skip to main content Toggle navigation District Long Beach Schools Homepage District Overview Central Administration Staff Directories Employment Opportunities Connections School Reopening 2025-2026 Budget Information Strategic Plan Use Of School Facilities Form …,0,,1,chool Lindell Elementary School Long Beach High School Long Beach Middle School Pre-Kindergarten West Elementary School Printable Calendars Staff Directory Welcome to our staff page! Please select a school to view their staff directory. Show Contact Info Hide Contact Info Our Sch…
Commack School District,NY,https://www.commack.k12.ny.us/,30,Minimal Transparency,https://www.commack.k12.ny.us/boemeetingsschedule,,https://www.commack.k12.ny.us/contactart,Missing: tech (crawl limited),2,0,,0,,1,"Primary School Wood Park Primary School Directions To Our Schools Latest News News Archive Backpack News Hub District Office District Home Superintendent Jordan Cox Academic Intervention Plan / MTSS Dignity For All Students Act (DASA) District Audit Reports District Plans, Polici…",0,,1,ck Star Award Employee Resource Center (CERC) Frontline Google Classroom ID Card Replacement Infinite Campus District Email / Office Portal Staff Directory Tech Support MIS Work Order System Wincap Web SchoolDude Facilities Request Students & Families Anonymous Alerts Back To Sch…
Great Neck Public Schools,NY,https://www.greatneck.k12.ny.us/,30,Minimal Transparency,,https://www.greatneck.k12.ny.us/administration/technology/office-of-instructional-technology/data-privacy-and-security,https://www.greatneck.k12.ny.us/administration/technology/office-of-instructional-technology/data-privacy-and-security,Missing: policy (crawl limited),2,0,,0,,1,High Naviance (opens in new window/tab) Turnitin (opens in new window/tab) GNPS Educational Resources Clever (opens in new window/tab) DASA Coordinators (opens in new window/tab) Staff Bargaining Units ESI Educator's EAP (opens in new window/tab) Frontline Systems (opens in new w…,0,,1,d Twenty-Tens GNPS: 200 Years Great Neck Historical Links Historic Great Neck Map New GNPS Logo ORGANIZATIONAL CHART PORTRAIT OF A GRADUATE STAFF DIRECTORY ADMINISTRATION CENTRAL ADMINISTRATION DIRECTORY SUPERINTENDENT BUILDINGS AND GROUNDS Office of Buildings and Grounds Drinkin…
Plainview-Old Bethpage Central School District,NY,https://www.pobschools.org/,30,Minimal Transparency,https://www.pobschools.org/boe,https://www.pobschools.org/offices/central-office-of-technology,,Missing: contact (crawl limited),2,0,,0,,1,"ation For questions or concerns about this Privacy Statement or your data: Plainview-Old Bethpage Central School District Mr. Alex Goldberg Director of Technology Phone: (516) 434-3090 email Attn: Data Privacy Officer Last Updated: May, 27 2025 Logo Image Logo Title Plainview-Old…",0,,1,ns (opens in new window/tab) For Staff (opens in new window/tab) For Students (opens in new window/tab) Parent Portal Information Families *Staff Directory Child Abuse Reporting Child Care Delayed Openings Erin's Law FERPA Information Naviance ParentSquare (opens in new window/ta…
Wappingers Central School District,NY,https://www.wappingersschools.org/,30,Minimal Transparency,https://www.wappingersschools.org/becoming-a-boe-candidate-guidelin-2,,https://www.wappingersschools.org/staff,Missing: tech (crawl limited),2,0,,0,,1,itive Behavioral Interventions And Supports (PBIS) Procedural Safeguards Notice: Rights for Parents of Children with Disabilities (English) Superintendent Superintendent Home Strategic Planning Technology Support Services TSS - Home Google MFA District Forms Student Forms 25/26 C…,0,,1,"orporate Park Drive / P.O. Box 396 / Hopewell Junction, NY 12533 / PH: 845.298.5000 Schools Home Board Of Education Welcome to the BOE Page Contact the Board of Education BoardDocs BOE Meetings: YouTube Budget 2026-27 Facility Usage Form Tax Rate Information Archived Budget Infor…"
Arlington Central School District,NY,https://www.arlingtonschools.org/,10,No Public AI Governance Signals,https://www.arlingtonschools.org/o/acsd/page/board-of-education,,https://www.arlingtonschools.org/o/acsd/page/staff-resources,Missing: tech (crawl limited),1,0,,0,,0,,0,,1,Home | Arlington Central School District Skip to content SchoolTool/Parent Portal ParentSquare Join Our Team Staff Resources Contact Us Search site Arlington Central School District - SchoolTool/Parent Portal ParentSquare Join Our Team Staff Resources Contact Us Search si…
North Syracuse Central School District,NY,https://www.nscsd.org/,30,Minimal Transparency,,,https://www.nscsd.org/contact,"Missing: policy, tech (crawl limited)",2,0,,0,,1,"of Schools, Dr. Terry L. Ward Building Space Usage (Outside Organizations) Step 1: Fill out request form Step 2: Building Principal Step 3: Director of Facilities, Matthew Erwin Step 4: Associate Superintendent for Business Services, Donald F.X. Keegan Step 5: Superintendent of S…",0,,1,"cipal Smith Road Elementary 5959 Smith Road North Syracuse, NY 13212 Main Office: (315) 218-2800 Lyndsey Maloney, Principal Connect With Us Staff Directory Menus SchoolTool NSCSD Tips ParentSquare Peachjar DEPARTMENTS Departments Athletics Business Services Communications Curricu…"
Fayetteville-Manlius Central School District,NY,https://www.fmschools.org/,30,Minimal Transparency,https://www.fmschools.org/about-us/policies-procedures-required-notifications/students-and-personal-electronic-devices-policy/,,https://www.fmschools.org/contact-us/,Missing: tech (crawl limited),2,0,,0,,1,"Square Pickup Patrol Schoology SchoolTool YouTube 8199 East Seneca Turnpike, Manlius, NY 13104 • Phone: (315) 692-1234 • Dr. Craig J. Tice, Superintendent This website is maintained by the Fayetteville-Manlius School District communications office. It is the goal of the Fayettevi…",0,,1,l Mott Road Elementary School Eagle Hill Middle School Wellwood Middle School Fayetteville-Manlius High School Home » Contact Us Contact Us Staff Directory Search for faculty and staff by typing one of these options in the box below: first name last name school email job title Se…
Liverpool Central School District,NY,https://www.liverpool.k12.ny.us/,30,Minimal Transparency,https://www.liverpool.k12.ny.us/policies-codes/index,,https://www.liverpool.k12.ny.us/about/staff-directory,Missing: tech (crawl limited),2,0,,0,,1,Liverpool Central School District | Liverpool Central SD Skip to Main Content Directory Translate Search Site Open main menu Search Mobile Site Visit Us on Facebook (opens in new window) Follow us on Twitter (opens in new window) Home About Show sub menu for About Administration …,0,,1,ite Visit Us on Facebook (opens in new window) Follow us on Twitter (opens in new window) Home About Show sub menu for About Administration Staff Directory Strategic Plan Strategic Planning Process Superintendent's Office Board of Education Budget Committees FOIL Requests Guide f…
Williamsville Central School District,NY,https://www.williamsvillek12.org/,30,Minimal Transparency,https://www.williamsvillek12.org/about-us/district-profile/cell-phone-policy,,https://www.williamsvillek12.org/about-us/district-profile/contact-us,Missing: tech (crawl limited),2,0,,0,,1,"in Content Close Menu Search Clear Search About Us District Profile District Calendar Contact Us District Vote District Newsletter District Directory Diversity, Equity, and Inclusion Plan Parent Organizations Strategic Plan Street Directory Distraction-Free School Zones Distracti…",0,,1,"ome - Williamsville Central School District Skip To Main Content Close Menu Search Clear Search About Us District Profile District Calendar Contact Us District Vote District Newsletter District Directory Diversity, Equity, and Inclusion Plan Parent Organizations Strategic Plan St…"
Orchard Park Central School District,NY,https://www.orchardparksschools.org/,0,No Public AI Governance Signals,,,,"Missing: policy, tech, contact (crawl limited)",0,0,,0,,0,,0,,0,
Cheektowaga Central School District,NY,https://www.cheektowagak12.org/,30,Minimal Transparency,https://www.cheektowagak12.org/board-of-education01/boe-intercom-documents,https://www.cheektowagak12.org/district/district-departments/technology-department,,Missing: contact (crawl limited),2,0,,0,,1,lities Capital Projects Food Service Health Office of Learning ESSA Title Programs Office of Pupil Services Special Education Office of the Superintendent Technology Department Chromebook Expectation Incident Reporting Parents' Bill of Rights Technology Documents Transportation D…,0,,1,c Schedule (opens in new window/tab) Calendars Newsletters Virtual Backpack Menus Registration Portal Login Parents / Students Contact Us / Staff Directory News & Events News Events News Ramadan Meals Notification Now Accepting Nominations for the Athletic Hall of Fame CCMS Janua…
West Genesee Central School District,NY,https://www.westgenesee.org/,10,No Public AI Governance Signals,https://www.westgenesee.org/o/wgcsd/page/board-of-education-overview,,https://www.westgenesee.org/o/wgcsd/page/staff,Missing: tech (crawl limited),1,0,,0,,0,,0,,1,Home | West Genesee Central School District Skip to content Parents/Students Staff Community Contact Us Calendars Search site West Genesee Central School District We Celebrate Learning! Parents/Students Staff Community Contact Us Calendars…
Guilderland Central School District,NY,https://www.guilderlandschools.org/,30,Minimal Transparency,https://www.guilderlandschools.org/board-of-education/policies/,,https://www.guilderlandschools.org/contact-us/,Missing: tech (crawl limited),2,0,,0,,1,"-0018 Phone: 518-456-6200 Fax: 518-456-1152 Hours: 7:30 a.m. – 4:30 p.m. Daniel Mayberry, Superintendent of Schools 518-456-6200, ext. 0102 superintendent@guilderlandschools.net This website is maintained by the district’s Communications Office . It is the goal of the district th…",0,,1,"ilderland Elementary Lynnwood Elementary Pine Bush Elementary Westmere Elementary Farnsworth MS Guilderland HS Home > Contact Us Contact Us Staff Directory Search for faculty and staff by typing ONE of these options in the box below: first name, last name or email. Tip: If you do…"
Niskayuna Central School District,NY,https://www.niskayuna.k12.ny.us/,0,No Public AI Governance Signals,,,,"Missing: policy, tech, contact (crawl limited)",0,0,,0,,0,,0,,0,
East Greenbush Central School District,NY,https://egcsd.org/,30,Minimal Transparency,https://egcsd.org/board-of-education/policy-manual/,,https://egcsd.org/staff-resources/,Missing: tech (crawl limited),2,0,,0,,1,ent by Governor Charlie Baker to serve as the Director of the Massachusetts Emergency Management Agency and serving under two mayors as the Director of Emergency Management for the City of Philadelphia. I also led a research and training center at SUNY Albany and served as a Prof…,0,,1,"will reopen on Monday, February 23. Have a safe and enjoyable break! School Calendar Follow Follow Search for: Employment Powerschool Staff Contact Us Schools Columbia High School Goff Middle School Bell Top Elementary School Donald P. Sutherland Genet Elementary School Green Mea…"
Webster Central School District,NY,https://www.websterschools.org/,30,Minimal Transparency,https://www.websterschools.org/board,,https://www.websterschools.org/getstaffOrgs.cfm,Missing: tech (crawl limited),2,0,,0,,1,"intendent for Administration and HR (585) 216-0011 Brian Freeman, Assistant Superintendent for Business (585) 216-0017 Click here for staff directory Website Feedback Academic, Athletic, and Extracurricular websites Search Site DISTRICT District Info About Us District Budget Fami…",0,,1,"Superintendent for Administration and HR (585) 216-0011 Brian Freeman, Assistant Superintendent for Business (585) 216-0017 Click here for staff directory Website Feedback Academic, Athletic, and Extracurricular websites Search Site DISTRICT District Info About Us District Budget…"
Fairport Central School District,NY,https://www.fairport.org/,30,Minimal Transparency,https://www.fairport.org/smartdevicepolicy,,,"Missing: tech, contact (crawl limited)",2,0,,0,,1,buse Prevention E-Cigs Prescription Drug Crisis Treatment for Substance Abuse Youth Risk Behavior Survey Results Student Name/Gender Change Superintendent’s Office Technology Services Acceptable Use Policy Fairport Guest Wireless Network Data Privacy Data Breach Complaint Form LA…,0,,1,"for parents/guardians to communicate with their students during the school day is important to Fairport families. Parents/guardians should contact the school office via phone for any urgent needs during the school day, or use other appropriate means to contact their children duri…"
Houston Independent School District,TX,https://www.houstonisd.org/,30,Minimal Transparency,https://www.houstonisd.org/families-students/student-requirements-expectations/technology-acceptable-use-policies,https://www.houstonisd.org/families-students/student-requirements-expectations/technology-acceptable-use-policies,https://www.houstonisd.org/schools-academics/extracurricular-activities-uil/uil-staff,,2,0,,0,,1,es Policies The HISD Police Department operates under a set of official directives—comprehensive policies and procedures established by the Chief of Police with the approval of the Superintendent and the HISD Board of Trustees. These directives reflect the department’s commitment…,0,,1,tion Program Our Team Testimonials Certification Information How to Apply HISD ACP Program Fees Transfer In or Out of HISD ACP ACP Calendar Contact HISD Family Quick Links Family Connections Center Family Corner Parent Portal (opens in new window/tab) Canvas (opens in new window/…
Dallas Independent School District,TX,https://www.dallasisd.org/,30,Minimal Transparency,https://www.dallasisd.org/board-of-trustees/board-policy-and-procedures/board-policy,,https://www.dallasisd.org/team-dallas-isd/team-dallas-isd-resources/staff-resources,Missing: tech (crawl limited),2,0,,0,,1,tiative (APEI) School Counselor Excellence Initiative (SCEI) Teacher Excellence Initiative (TEI) Dallas Librarian Appraisal (DLA) Executive Director Excellence Initiative (EDEI) Professional Development Technology Resources Employee Records Request District Support Initiative Hor…,0,,1,Employee Records Request District Support Initiative Volunteer Partners and Volunteers Volunteers Partnerships Donations Campus Coordinator Contact Us About About Dallas ISD Welcoming and protective schools About Our Schools Public Information Portal Bond Program Information (ope…
Cypress-Fairbanks Independent School District,TX,https://www.cfisd.net/,30,Minimal Transparency,https://www.cfisd.net/departments/technology-information-services/cybersecurity/cybersecurity-awareness/cybersecurity-policies,https://www.cfisd.net/departments/technology-information-services/cybersecurity/cybersecurity-awareness/cybersecurity-policies,https://www.cfisd.net/departments/technology-information-services/staff,,2,0,,0,,1,ggle Close Container Toggle Menu Mobile Search Search Clear Search Mobile Main Nav Our District About CFISD Committees Administrative Staff Directory Contact CFISD Our Schools & Facilities Superintendent District Leadership Board of Trustees Bond Information Financial Information…,0,,1,ent Toggle Close Container Toggle Menu Mobile Search Search Clear Search Mobile Main Nav Our District About CFISD Committees Administrative Staff Directory Contact CFISD Our Schools & Facilities Superintendent District Leadership Board of Trustees Bond Information Financial Infor…
Northside Independent School District,TX,https://www.nisd.net/,30,Minimal Transparency,https://www.nisd.net/board,,https://www.nisd.net/contact,Missing: tech (crawl limited),2,0,,0,,1,"aster’s degree from the University of Texas at San Antonio. He has a son and daughter who are both NISD graduates. Jacob Villarreal, P.E. * Assistant Superintendent for Facilities and Operations Jacob Villarreal, P.E. was named Assistant Superintendent for Facilities and Operatio…",0,,1,aries & Buses 🍴 Cafeteria & Menus 🗓️ Calendars 📖 Course catalogs & Plans 📔 Handbooks 🎓 Graduation 👮 Safety 📚 Title 1 Learn more ‎➔ Register Contact Parents Students Community Employees Photo Gallery Northside Independent School District Previous Next Feb. 21: FIRST LEGO League Ch…
Fort Worth Independent School District,TX,https://www.fwisd.org/,30,Minimal Transparency,https://www.fwisd.org/departments/legal/fwisd-policy-administration,,https://www.fwisd.org/departments/legal/fwisd-policy-administration,Missing: tech (crawl limited),2,0,,0,,1,"nations (opens in new window/tab) Employee Link Hub Parent Portal Pre-K Public Information Requests School Finder (opens in new window/tab) Superintendent District Home Our Schools Our Schools Back to Main Site Elementary Schools Beal, Harlean Benbrook Elementary Bonnie Brae Bris…",0,,1,le IX Compliance Student Code of Conduct Video On Demand Leadership Directory (opens in new window/tab) Lone Star Governance State Workshop Contact FWISD Superintendent Leadership Directory Cabinet School Leadership High School Principals Middle School Principals Elementary Schoo…
Austin Independent School District,TX,https://www.austinisd.org/,30,Minimal Transparency,https://www.austinisd.org/technology/policy,https://www.austinisd.org/technology/policy,https://www.austinisd.org/staff,,2,0,,0,,1,ustees District & Board Policy Long-range Planning Organizational Chart Prop A Ballot Initiative Public Facility Corporation Strategic Plan Superintendent 2022 Bond Advisory Committees Our Schools Enroll Now All Schools Elementary Schools Middle Schools High Schools Pre-K Academi…,0,,1,Families Communities Staff School Resources Calendar Bus Routes Enrollment School Menus Directories Department Directory Schools Directory Staff Directory Sitemap District Resources AISD Portal Board of Trustees Careers AISD Help Superintendent Title IX Training FERPA Notificatio…
El Paso Independent School District,TX,https://www.episd.org/,30,Minimal Transparency,,https://www.episd.org/o/episd/page/it-starts-with-us,,"Missing: policy, contact (crawl limited)",2,0,,0,,1,"ct Redesign Plan School Action Dashboard School Finder Quality Seats Dashboard Facilities Dashboard DDR Building Community Message from the Superintendent Dear Members of the El Paso ISD Community, Community collaboration is essential to our pursuit of excellence, and I invite yo…",0,,1,site El Paso ISD - Staff Portal Parent Portal Search site Menu Schools Translate Sign in Menu Schools Translate Sign in General Info STAFF CONTACT LIBRARY RESOURCES SOCIAL MEDIA LINKS Fine Arts Fine Arts Office Location 2026 Documents More about El Paso ISD Fine Arts 1014 N. Stan…
San Antonio Independent School District,TX,https://www.saisd.net/,30,Minimal Transparency,https://www.saisd.net/page/parent-family-engagement-policy,,https://www.saisd.net/o/saisd/page/contact-us,Missing: tech (crawl limited),2,0,,0,,1,equired Postings Search by Home Address Superintendent of Schools Show submenu for Superintendent of Schools Cabinet Contact Superintendent Superintendent Message District Leadership Team Superintendent's Committees and Councils 2026 State of the District mySAISD Dashboard Board …,0,,1,w submenu for Gifted & Talented G/T Alumni Gifted & Talented Calendar Gifted and Talented Parent Information Teacher/Staff Information GATE Staff Directory Grants Show submenu for Grants How to Apply for a Grant Grant Training Information SAISD Foundation District Grants Resource…
Aldine Independent School District,TX,https://www.aldineisd.org/,30,Minimal Transparency,https://www.aldineisd.org/about/policies/,,https://www.aldineisd.org/optimization-letter-to-staff/,Missing: tech (crawl limited),2,0,,0,,1,"executive director, Georgina Foroi’s 21-year journey in Aldine Independent School District has come full circle — and now, statewide recognition is following. Foroi, Aldine ISD’s executive director of professional [...] Facebook 0 Tweet 0 Email 0 Disponible en: Español Blanson CT…",0,,1,27 Instructional Calendar News District Business/Community Awards Sports Board Reports School Board Event Photos Scholarships VYPE Magazine Contact Elected Officials Search for: Home Chris Labod 2026-02-16T16:03:14-06:00 Disponible en: Español Find out which school you are zoned …
Plano Independent School District,TX,https://www.pisd.edu/,30,Minimal Transparency,,,,Timed out (district budget exceeded),2,0,,0,,1,nclaimed Property Employee Travel ESSER III Plan 2024 Notice of Estimated Taxes Fine Arts & Special Academic Programs Department Home Staff Directory Food and Nutritional Services About Us Welcome to FANS Campus Contacts 2025-2026 Meal Prices Join Our Team Free & Reduced Meal Pro…,0,,1,s Frequently Asked Questions Contact US Calendar Jobs at ECCC ECCC I Employee CCC I About ECCC I Administration ECCC I Caregiver Pages ECCC Staff Directory ECCC II About ECCC II ECCC II Administration ECCC II Caregivers Pages ECCC Staff Directory PASAR About PASAR About PASAR Aft…
Katy Independent School District,TX,https://www.katyisd.org/,30,Minimal Transparency,https://www.katyisd.org/privacy-policy,https://www.katyisd.org/technology/family-technology-resources,,Timed out (district budget exceeded),2,0,,0,,1,"tadium Lane, Katy, Texas 77494 Questions regarding compliance and/or grievance procedures may be directed to the District's Section 504/ADA Coordinator as listed in Board Policy FB (EXHIBIT) . Parents, students and members of the public: 504 Administrator (281) 396-2318, 6301 Sou…",0,,1,"can participate at their own discretion. Collection and Use of Personal Data Katy ISD may use personal data for the following purposes: For Contact Purposes: To contact you by email, phone, SMS, or other forms of electronic communication, such as a mobile application's push notif…"
Fort Bend Independent School District,TX,https://www.fortbendisd.com/,30,Minimal Transparency,,,https://www.fortbendisd.com/schooldirectory,"Missing: policy, tech (crawl limited)",2,0,,0,,1,tration/Enrollment Strategic Plan District of Innovation District Planning Advisory Council District Student Health Advisory Council School Directory with Maps Bond Programs Legislative Priorities Sugar Land 95 Accountability Ratings Improvement Plan Title I Ethics Reporting/Ligh…,0,,1,"ay Annual Giving Campaign Join Team FBISD Adopt a New Teacher Today Tribute Fund Planned Giving I Would Like To... "" Apply for a FBEF Grant Contact Foundation Staff Donate Find Employee Discounts Join One Team - FBISD Employee Giving Receive a Newsletter Volunteer Grants In Actio…"
Spring Branch Independent School District,TX,https://www.springbranchisd.com/,30,Minimal Transparency,https://www.springbranchisd.com/about/board-of-trustees/policy-regulations,https://www.springbranchisd.com/about/departments/technology-services/contacts,https://www.springbranchisd.com/about/departments/technology-services/contacts,,2,0,,0,,1,"tive execution and a team that understands the responsibility of telling the story of public education well,” said Linda Buchman, associate superintendent of communications and community relations. “In a state as large and competitive as Texas, this level of recognition is signif…",0,,1,gram (opens in new window/tab) Youtube (opens in new window/tab) Vimeo (opens in new window/tab) Smugmug (opens in new window/tab) Calendar Staff Directory Let's Connect For Staff Search Clear Search A-Z index Link Back to School Link Calendars Link Canvas Link Counselors Link Fa…
Garland Independent School District,TX,https://www.garlandisd.net/,60,Emerging Governance,https://www.garlandisd.net/about/policies,https://www.garlandisd.net/programs-services/technology-support,https://www.garlandisd.net/school-operations/student-and-staff-safety,,3,1,Technology Program Handbook 1:1 Technology Program Handbook - Spanish 1:1 Technology Program Handbook - Vietnamese Artificial Intelligence Guidelines GISD Artificial Intelligence (AI) Student Guidelines Google Terms of Service agreements Terms of Service agreements for services p…,0,,1,"the leadership team. Explore About Our District The GISD Difference District Profile Performance Ratings & Reports District Map Department Directory Facility Directory Policies Mission, Vision, Values Leadership Board of Trustees Leadership Leadership Matters District initiatives…",0,,1,age Safety & Security Image Absence Management Image × Translate × × For Parents For Staff For Students Departments Newsroom Careers Enroll Contact Us Schools Quick Links Translate Search About ← Back About Get to know our district better and meet the leadership team. Explore Abo…
Arlington Independent School District,TX,https://www.aisd.net/,30,Minimal Transparency,https://www.aisd.net/wp-content/files/Clear-Bag-Policy-Flyer-Updated-Nov22.pdf,https://www.aisd.net/district/departments/technology/information-and-instructional-systems/peims-and-transfers/student-registration/,https://www.aisd.net/district/about/school-directory/,,2,0,,0,,1,"can chat in English, Spanish and Vietnamese! Ask a Question Visit the Campus Campuses are able to assist parents who do not have access to technology or need assistance with online registration. School Directory Technical Help For technical issues about your child's registration,…",0,,1,Pre-Kindergarten Transfers Volunteer Students Canvas Classlink Counselor Connection Report Bullying Student Self Serve Technology Resources Contact Programs and Services Board of Trustees Bond 2019 Registration Pre-K Kindergarten Specialized Programs Transfers Quick Links News In…
Irving Independent School District,TX,https://www.irvingisd.net/,30,Minimal Transparency,,,https://www.irvingisd.net/about-us/superintendent/contact-us,Timed out (district budget exceeded),2,0,,0,,1,ntary Thomas Haley Elementary Townley Elementary Townsell Elementary Travis Middle School Litzy Ambrocio Linares Executive Assistant to the Superintendent and Board of Trustees View Profile for Litzy Ambrocio Linares Magda Hernandez Superintendent of School View Profile for Magda…,0,,1,Who to Call District Improvement Committee Superintendent About the Superintendent Central Office Organizational Chart District Leadership Contact Us District Event Leadership Request Form (opens in new window/tab) District Leadership District Event Leadership Request Required Po…
Round Rock Independent School District,TX,https://roundrockisd.org/,0,No Public AI Governance Signals,,,,"Missing: policy, tech, contact (crawl limited)",0,0,,0,,0,,0,,0,
Frisco Independent School District,TX,https://www.friscoisd.org/,30,Minimal Transparency,https://www.friscoisd.org/about/board-of-trustees,,https://www.friscoisd.org/about/resources-and-information/staff-email-search,Missing: tech (crawl limited),2,0,,0,,1,bout Departments Schools Employment Search Parents Students Partners Staff Parents Students Staff Spotlight Tuition-Based Pre-K Frisco Flex Superintendent Search Access Frisco Join Our Team Enroll with FISD Financial Transparency Board of Trustees Events Feb 10 Student Transfer W…,0,,1,"and need. 5515 Ohio Drive Frisco, Texas 75035 Phone 469.633.6000 Fax 469.633.6050 © 2022 Frisco Independent School District Site Feedback | Contact Us | Accessibility | Legal Notices | Staff Password Reset Staff Email Search Skip to Main Content Toggle navigation News About Depar…"
Lewisville Independent School District,TX,https://www.lisd.net/,30,Minimal Transparency,https://www.lisd.net/our-district/all-departments/website/privacy-policy,,https://www.lisd.net/resources/staff,Missing: tech (crawl limited),2,0,,0,,1,"ature, districts are now required to implement certain security measures. Beginning September 1, 2019, districts must: Designate a security coordinator Adopt a cybersecurity policy Report any breach of student personally identifiable data to the Texas Education Agency (TEA) The L…",0,,1,ub (opens in new window/tab) LISD Connect (opens in new window/tab) LPAC (opens in new window/tab) OneDrive (opens in new window/tab) Phone Directory (opens in new window/tab) Professional Learning Qualtrics (opens in new window/tab) Recognize Someone Records Management (opens in…
Richardson Independent School District,TX,https://web.risd.org/,10,No Public AI Governance Signals,https://web.risd.org/home/parent-and-family-engagement-policy/,,https://web.risd.org/staff/,Missing: tech (crawl limited),1,0,,0,,0,,0,,1,"eacher Incentive Allotment The TIA program provides additional funding to increase salaries for highly effective teachers Sponsored Content Contact Us 400 S. Greenville Ave., Richardson TX 75081 469-593-0000 Llame y presione 2 para español risd@risd.org 400 S. Greenville Ave., Ri…"
Humble Independent School District,TX,https://www.humbleisd.net/,10,No Public AI Governance Signals,https://www.humbleisd.net/o/humbleisd/page/board,,https://www.humbleisd.net/o/humbleisd/page/staff-resources,Missing: tech (crawl limited),1,0,,0,,0,,0,,1,"e ISD 10203 Birchridge Drive Humble, TX 77338 Phone: 281-641-1000 Fax: 281-641-1050 HumbleISD_Connect@humbleisd.net Resources Accessibility Contact Fraud Hotline Tax Office Weather Updates iHELP iHELP Information Humble ISD on Bullying Stay Connected Copyright © 2026 Humble ISD. …"
Klein Independent School District,TX,https://www.kleinisd.net/,30,Minimal Transparency,,,https://www.kleinisd.net/o/kisd/staff,"Missing: policy, tech (crawl limited)",2,0,,0,,1,"e on a $100,000 home by approximately $30. Copyright © 2026 Klein ISD. All rights reserved. Powered By Apptegy Visit us to learn more Staff Directory | Klein ISD Skip to content Klein ISD - Translate Search site Sign in Menu Schools Enroll Careers KeepKleinSafe Klein ISD Staff Di…",0,,1,"service on a $100,000 home by approximately $30. Copyright © 2026 Klein ISD. All rights reserved. Powered By Apptegy Visit us to learn more Staff Directory | Klein ISD Skip to content Klein ISD - Translate Search site Sign in Menu Schools Enroll Careers KeepKleinSafe Klein ISD St…"
Pasadena Independent School District,TX,https://www.pasadenaisd.org/,30,Minimal Transparency,https://www.pasadenaisd.org/stadium-policies,,https://www.pasadenaisd.org/administration,Missing: tech (crawl limited),2,0,,0,,1,lopment Research and Evaluation Science Social Studies Special Education Student Assessment Athletics Athletics Box Office-Tickets Athletic Directors and Coordinators Athletics Facilities Schedules - Rank One Forms and Other Links Livestream Games 2024-2025 Physicals Stadium Poli…,0,,1,oundation Tegeler Community School The Summit FLEx Powered by PVS Popular Links Staff Portal Anonymous Alerts Now Hiring Student Enrollment Contact Classlink Portal Search Home Our District About Pasadena ISD Administration Superintendent School Board Board of Trustees 2025-2026 …
Conroe Independent School District,TX,https://www.conroeisd.net/,30,Minimal Transparency,,https://www.conroeisd.net/o/cisd/page/technology,https://www.conroeisd.net/o/cisd/page/contactus,Missing: policy (crawl limited),2,0,,0,,1,Home | Conroe ISD Skip to content Conroe ISD - Explore School Directory Translate Search site Sign in Skip Gallery Your browser does not support videos. End of Gallery About Parents/Students Employees Careers Transportation Complian…,0,,1,"tion is their smartphones. Our school app make it easy for you to access essential information like events, lunch menus, homework and more. Contact CISD 3205 W. Davis St. Conroe, TX 77304 Main Phone: (936) 709-7752 Transportation: (936) 709-7940 Fax: (936) 709-9787 About Board of…"
Pearland Independent School District,TX,https://www.pearlandisd.org/,30,Minimal Transparency,https://www.pearlandisd.org/departments/food-service/meal-accounts-charging-policy,https://www.pearlandisd.org/departments/cte/career-path/arts-av-technology-and-communications/teacher-contacts,https://www.pearlandisd.org/departments/cte/career-path/arts-av-technology-and-communications/teacher-contacts,,2,0,,0,,1,Page Mission Statement Model-Nurture-Share Back to Basics Parent Forums Berger Bulletin World-Class Goals Podcast District Improvement Plan Superintendent Contract C&I Audit Superintendent Student Ambassador Program Mission Statement Our District Our District Campus District Enro…,0,,1,Nutrition Allergy Information Staff Parent Information Información Para Padres Internal Documents Catering Health Services Health Services Contact Us Current Issues Vaccinations Immunizations When to Keep Your Child Home Medication Student Health Conditions Food Allergies State-M…
McKinney Independent School District,TX,https://www.mckinneyisd.net/,30,Minimal Transparency,https://www.mckinneyisd.net/page/board-meeting-schedule,,https://www.mckinneyisd.net/page/faculty-staff,Missing: tech (crawl limited),2,0,,0,,1,"contact you in response to your question. If you need to contact one of our campuses, you can find campus contact information on our Campus Directory page in the About MISD section of this website. McKinney ISD | Home Skip to content McKinney ISD - Menu Schools Translate Search s…",0,,1,"onsider it a true privilege to lead the MISD family."" Shawn Pratt, MISD Superintendent SSO Portal CAREERS ENROLLMENT EFAC Board of Trustees Contact US McKinney ISD DISTRICT Goals Design systems for safety and security to meet the needs of our school community. Ensure a guaranteed…"
Denton Independent School District,TX,https://www.dentonisd.org/,30,Minimal Transparency,https://www.dentonisd.org/our-district/departments-services/technology/acceptable-use-policy-guidelines,https://www.dentonisd.org/our-district/departments-services/technology/acceptable-use-policy-guidelines,https://www.dentonisd.org/our-district/departments-services/career-technology-education/meet-our-staff,,2,0,,0,,1,ning Guides (opens in new window/tab) Non-Discrimination Policy (opens in new window/tab) Child Nutrition CNP Home Meal Prices & Menus Café Directory Meet Our Team Calendar Meal Policy CEP FAQ Citizens' Advisory Committee 2022 Communications Emergency Communications Media Inquiri…,0,,1,dget Tax Rate Engage Adult Education & Literacy NTAEL Home About NTAEL Program Information ESL Classes HSE/GED Classes Job Training Classes Contact Us For Staff (opens in new window/tab) Benefits DISD Benefits Employee Wellness Center Leave of Absence Retirement Plans Workers' Co…
Mesquite Independent School District,TX,https://www.mesquiteisd.org/,30,Minimal Transparency,,https://www.mesquiteisd.org/technology-plan,https://www.mesquiteisd.org/contact-us,Missing: policy (crawl limited),2,0,,0,,1,nes Calendar Facility Locations Feeder Patterns Mesquite ISD News Required Postings Required Postings Parental Rights Strategic Plan Campus Directory What We Believe Mesquite Promise Profile of a Learner Connect with Us Mesquite 125th Leadership Board of Trustees Board of Trustee…,0,,1,y Central Administration Photo Directory Employee Assistance Program Forms MEA Staff Portal Staff Wellness Teacher Incentive Allotment MISD Staff Directory ParentSquare for Admin Community Schools Popular Links High Schools John Horn High School Mesquite Academy North Mesquite Hi…
Killeen Independent School District,TX,https://www.killeenisd.org/,30,Minimal Transparency,,,https://www.killeenisd.org/o/kisd/page/staff,"Missing: policy, tech (crawl limited)",2,0,,0,,1,"employees a month during the school year, surprising recipients in the midst of the workplace. “I was speechless,” he said of the day that Superintendent King Davis led a group of leaders to present him with the award. “It was a really, cool moment. I don’t need the accolades and…",0,,1,"s and Departments Translate Menu Schools and Departments Translate Skip Gallery End of Gallery About Us Fine Arts Director: Morganne Davies Contact Us: 902 N. 10th St. Killeen, TX 76541 Phone: 254-336-6300 band & orchestra choir elementary music dance theatre visual art Find Us F…"
Beaumont Independent School District,TX,https://www.bmtisd.com/,30,Minimal Transparency,https://www.bmtisd.com/about-bisd/general-information/handbooks-policies,,https://www.bmtisd.com/about-bisd/board/board/contact-information,Missing: tech (crawl limited),2,0,,0,,1,intendent's Student Leadership Council Our District Leaders Our Academics Our Instructional Calendar Contact Us Contact Us District Map and Directory COMMUNITY Community & Media Relations Department Volunteers Business Partnerships Spirit Nights Beaumont Public Schools Foundation…,0,,1,"Matilda ""Tillie"" Hickman - Trustee (District 5) Robert C. Dunn Sr - Vice President (At-Large) Denise Wallace-Spooner - Secretary (At-Large) Contact Information Board Outcome Goals 2025-30 Board Policy Manual Board Operating Procedures Board Elections Board Meeting Dates Board Age…"
Brownsville Independent School District,TX,https://www.bisd.us/,30,Minimal Transparency,https://www.bisd.us/documents/handbooks-and-policies/20205-2026-handbooks-and-policies/840906,,,"Missing: tech, contact (crawl limited)",2,0,,0,,1,"inclusion of photographs of elected officials or candidates are not intended to support or oppose anyone running for public office. BISD’s Title IX Coordinator: Dr. Linda Gallegos, Chief Human Resources Officer. The district’s non-discrimination policy; DIA (Local) and FFH (Local…",0,,1,"nsportation Enroll at BISD Handbooks and Policies Cafeteria Menus Trustees Find Us Brownsville ISD 1900 E. Price Road Brownsville, TX 78521 Phone: (956) 548-8000 Stay Connected BISD does not discriminate on the basis of race, color, national origin, gender, religion, age, disabil…"
Laredo Independent School District,TX,https://www.laredoisd.org/,10,No Public AI Governance Signals,,,,"Missing: policy, tech, contact (crawl limited)",1,0,,0,,0,,0,,1,"Card 23-24 2025-2026 SeeSomething,SaySomething Read more Find Us Laredo Independent School District 2400 San Bernardo Ave. Laredo, TX 78040 Phone: 956-273-1000 Fax: 956-273-1035 LISD Tax Office Click here to pay Open Records Request Request Form Fraud Reporting Report Stay Connec…"
United Independent School District,TX,https://www.unitedisd.org/,0,No Public AI Governance Signals,,,,"Missing: policy, tech, contact (crawl limited)",0,0,,0,,0,,0,,0,
Corpus Christi Independent School District,TX,https://www.ccisd.us/,30,Minimal Transparency,https://www.ccisd.us/page/board-members,,,"Missing: tech, contact (crawl limited)",2,0,,0,,1,": DGBA - EMPLOYEE COMPLAINTS/GRIEVANCES DIA - EMPLOYEE WELFARE: Freedom from Discrimination, Harassment, and Retaliation w/Title IX and 504 Coordinators Exhibit For Students and Parents: FNG - STUDENT AND PARENT COMPLAINTS/GRIEVANCES For Members of the Public: GF - PUBLIC COMPLAI…",0,,1,"S Amanda Vasquez-Kotch, Kostoryz ES Corpus Christi Independent School District 801 Leopard St. Corpus Christi, TX 78401 Phone: 361‑695‑7200 Contact Us Notice to Persons With Disabilities Required Notices Legal Legal Homepage 2026 CCISD Public Information Calendar Bidding District…"
Lubbock Independent School District,TX,https://www.lubbockisd.org/,30,Minimal Transparency,https://www.lubbockisd.org/o/lisd/page/board-of-trustees,,https://www.lubbockisd.org/page/staff,Missing: tech (crawl limited),2,0,,0,,1,"t Registration Summer Enrichment Staff Staff Safety Safety STOPit STOPit More Show submenu for Summer Enrichment Camp Invention Information Superintendent Scholars Summer Academic Opportunities Outside Lubbock ISD Find Us Lubbock ISD 1628 19th Street Lubbock, TX 79401 806-219-000…",0,,1,"ion For Excellence CTE Find Us Lubbock ISD 1628 19th Street Lubbock, TX 79401 806-219-0000 Hours M-F: 8:00 a.m. - 5:00 p.m. Other Resources Contact Us STOPit Help Desk Nondiscrimination and Network Use Stay Connected Copyright © 2026 Lubbock ISD. All rights reserved. Powered By A…"
Amarillo Independent School District,TX,https://www.amaisd.org/,30,Minimal Transparency,https://www.amaisd.org/amarillo-isd-weather-policy,,https://www.amaisd.org/board-contact-form,Missing: tech (crawl limited),2,0,,0,,1,"Story Request Form Portraits Required Postings Required Postings Home State Required Postings State Required Postings Home Campus Behavior Coordinator contact information College, Career, Military Readiness 5-Year Plans Conduct on School Premises District and Campus Performance E…",0,,1,"st Form Portraits Required Postings Required Postings Home State Required Postings State Required Postings Home Campus Behavior Coordinator contact information College, Career, Military Readiness 5-Year Plans Conduct on School Premises District and Campus Performance Early Childh…"
Waco Independent School District,TX,https://www.wacoisd.org/,30,Minimal Transparency,https://www.wacoisd.org/departments/child-nutrition-services/usda-commodity-management-policy,,https://www.wacoisd.org/about/accountability/assessment/2022-staar-administration,Missing: tech (crawl limited),2,0,,0,,1,ecurity Committee Public Education Information Management System (opens in new window/tab) State and Federal Programs Department Home Staff Directory Title I Supplement Not Supplant Methodology Parent & Family Engagement-Title I Forms and Documents Student Services and Support De…,0,,1,rtment Bullying Information (opens in new window/tab) Business & Financial Services (opens in new window/tab) Business & Financial Services Staff Directory Department Home Financial Transparency Business Services Home Business Services Forms & Documents Supplier Registration & Cu…
Tyler Independent School District,TX,https://www.tylerisd.org/,10,No Public AI Governance Signals,https://www.tylerisd.org/page/school-board,,,"Missing: tech, contact (crawl limited)",1,0,,0,,0,,0,,1,"Us Tyler ISD 1319 Earl Campbell Parkway Tyler, TX 75701 903-262-1000 Submit a Comment Envíe su Comentario Resources Calendars Careers Cell Phone Policy Recent News Support the District Volunteer Legal 25-26 Adopted Budget Board Elections Board Election Results Board Policies Onli…"
College Station Independent School District,TX,https://www.csisd.org/,30,Minimal Transparency,https://www.csisd.org/departments/technology/acceptable-use-policy,https://www.csisd.org/departments/technology/acceptable-use-policy,https://www.csisd.org/our-district/about-csisd/about-us/about-csisd/staff-statistics,,2,0,,0,,1,t Demographics Improvement Plans District of Innovation Plan HB 3 Goals and Plans Why CSISD? Contact CSISD Who to Call Administrative Staff Directory Our Schools & Facilities Elementary Schools College Hills Elementary School (opens in new window/tab) Creek View Elementary School…,0,,1,Student Demographics Improvement Plans District of Innovation Plan HB 3 Goals and Plans Why CSISD? Contact CSISD Who to Call Administrative Staff Directory Our Schools & Facilities Elementary Schools College Hills Elementary School (opens in new window/tab) Creek View Elementary …
Bryan Independent School District,TX,https://www.bryanisd.org/,30,Minimal Transparency,https://www.bryanisd.org/o/bisd/page/board-of-trustees,https://www.bryanisd.org/page/technology,https://www.bryanisd.org/staff?filter_ids=620491,,2,0,,0,,1,List Grading Guidelines Student Handbook & Code of Conduct Skyward Family Access Help Resources ParentSquare Info Immunization Information Title IX Campus Behavior Coordinators Voluntary Student Insurance District of Innovation Plan Parental Rights and Options Information Bryan I…,0,,1,", opposition or fear April - May Leadership Guiding, leading and serving others It's everything Bryan ISD, in your pocket. Documents Events Staff Directory Dining News Bryan Independent School District Bryan ISD Administration 801 SOUTH ENNIS STREET, BRYAN, TX 77803 PHONE: (979) …"
Georgetown Independent School District,TX,https://www.georgetownisd.org/,75,Emerging Governance,https://www.georgetownisd.org/departments/instructional-technology/digital-citizenship-responsible-use-policies,https://www.georgetownisd.org/departments/instructional-technology/digital-citizenship-responsible-use-policies,https://www.georgetownisd.org/departments/technology/staff-directory,,4,1,.net . Device Health & Safety Guidelines Digital Devices in GISD Schools: Health and Safety Guidelines Employees Technology Responsible Use Policy for Employees GISD Guidelines for Staff Use of AI Guest Wifi for Employees Students Technology Responsible Use Policy for Students - …,0,,1,Sale Facilities Maintenance (opens in new window/tab) Facility Scheduling & Rental (opens in new window/tab) Energy Management Home Energy Coordinators Recycling & Composting Utility Usage/Cost Comparisons Reports Links Bond (opens in new window/tab) Facilities Maintenance Overvi…,1,.net . Device Health & Safety Guidelines Digital Devices in GISD Schools: Health and Safety Guidelines Employees Technology Responsible Use Policy for Employees GISD Guidelines for Staff Use of AI Guest Wifi for Employees Students Technology Responsible Use Policy for Students - …,1,es Purchasing Quote Summary For Vendors GISD Staff - Vendor Performance Survey Accounts Payable IRMA Exemption Facility Scheduling & Rental Staff Directory Procedures & Guidelines Campus & Student Services Overview Staff Directory Student Handbooks & Code of Conduct Student Trans…
New Braunfels Independent School District,TX,https://www.nbisd.org/,0,No Public AI Governance Signals,,,,"Missing: policy, tech, contact (crawl limited)",0,0,,0,,0,,0,,0,
San Marcos Consolidated Independent School District,TX,https://www.smcisd.net/,30,Minimal Transparency,,,https://www.smcisd.net/site/Default.aspx?PageType=1&SiteID=4&ChannelID=70&DirectoryType=6,"Missing: policy, tech (crawl limited)",2,0,,0,,1,"n Multilingual Services Office of Academics Purchasing Safety & Health Services Special Education State & Federal Programs Student Services Superintendent Technology Transportation Fine Arts Choose San Marcos "" Choose San Marcos Students & Parents "" Academic Resources Anti-Bullyi…",0,,1,"ECHS "" Early College High School Clubs & Organizations "" Clubs Fine Arts "" SMCISD Fine Arts Athletics "" SMCISD Athletics Hidden Resources "" Staff Directory District News Campus News TAPR School Report Card Youtube Live Stream Shared Feeds & Galleries Enrollment test Returning to …"
Judson Independent School District,TX,https://www.judsonisd.org/,10,No Public AI Governance Signals,,,https://www.judsonisd.org/staff,"Missing: policy, tech (crawl limited)",1,0,,0,,0,,0,,1,"late Sign in Skip Gallery Your browser does not support videos. End of Gallery Class Link Family Access ACADEMIC CALENDAR SAFETY & SECURITY Contact Us Look Around the district Find Us Judson ISD 8012 Shin Oak Drive Live Oak, TX 78233 Number: (210) 945-5100 Toll Free Fraud & Abuse…"
Socorro Independent School District,TX,https://www.sisd.net/,30,Minimal Transparency,https://www.sisd.net/page/policies,,https://www.sisd.net/staff,Missing: tech (crawl limited),2,0,,0,,1,earch site Explore Explore Schools Translate Explore Schools Translate Home Home About Us Show submenu for About Us About Us About Us Staff Directory Seize Your Opportunity Board of Trustees Show submenu for Board of Trustees Board Goals Superintendent of Schools District Transpa…,0,,1,ment Search site Explore Explore Schools Translate Explore Schools Translate Home Home About Us Show submenu for About Us About Us About Us Staff Directory Seize Your Opportunity Board of Trustees Show submenu for Board of Trustees Board Goals Superintendent of Schools District T…
